Notes,Start Date,End Date,Phase,Date,hour,collector,weather,verbal,P1,P2,P3,P4,P5,P6,P7,P8,A1,A2,A3,A4,A5,A6,A7,happy,healthy,wellcaredfor,space,social,age,gender,,priorvisit,member,zoovisits,,
,2021-03-20 14:22:28,2021-03-20 14:25:02,1,3/20/21,2,Tesla,partly cloudy,i,7,7,4,7,4,2,1,4,7,7,4,4,4,7,4,6,10,6,2,5,18-35,Female,,No,Yes,Less than once a year,,
,2021-03-20 14:25:41,2021-03-20 14:30:12,1,3/20/21,2,Tesla,partly cloudy,i,4,5,5,4,5,3,7,6,5,5,5,4,5,5,4,7,8,8,6,7,36-55,Female,,Yes,No,Less than once a year,,
,2021-03-20 14:34:12,2021-03-20 14:36:49,1,3/20/21,2,Tesla,partly cloudy,i,6,7,6,6,7,6,5,5,4,6,4,3,4,4,5,8,9,10,10,10,56-75,Male,,No,No,More than once a year,,
,2021-03-20 14:39:54,2021-03-20 14:42:25,1,3/20/21,2,Tesla,partly cloudy,i,6,4,2,7,5,5,4,4,7,7,7,4,4,4,4,6,7,7,4,6,36-55,Male,,Yes,Yes,Less than once a year,,
,2021-03-20 14:53:30,2021-03-20 14:55:43,1,3/20/21,2,Tesla,partly cloudy,i,7,7,4,4,5,5,4,7,4,5,5,5,5,4,4,8,10,8,6,10,36-55,Male,,No,No,Approximately once a year,,
,2021-03-20 14:59:02,2021-03-20 15:05:52,1,3/20/21,2,Tesla,partly cloudy,1,5,6,6,5,6,5,6,6,6,6,6,4,6,5,4,7,9,8,8,7,36-55,Male,,Yes,No,More than once a year,,
,2021-03-20 15:14:10,2021-03-20 15:16:20,1,3/20/21,3,Tesla,partly cloudy,i,5,7,4,5,5,4,6,7,5,7,7,5,4,7,5,8,8,8,7,5,36-55,Male,,Yes,No,Less than once a year,,
,2021-03-20 15:17:56,2021-03-20 15:20:03,1,3/20/21,3,Tesla,partly cloudy,i,7,4,3,1,4,4,4,4,4,4,4,4,4,7,7,8,10,10,7,10,18-35,Female,,No,No,Less than once a year,,
,2021-03-20 15:22:07,2021-03-20 15:24:34,1,3/20/21,3,Tesla,partly cloudy,i,7,6,5,7,5,6,5,7,7,7,7,7,7,7,7,8,9,10,8,7,36-55,Male,,Yes,Yes,More than once a year,,
,2021-03-20 15:59:16,2021-03-20 16:01:45,1,3/20/21,3,Tesla,partly cloudy,i,7,7,4,7,4,2,6,4,4,7,7,7,4,7,4,7,10,10,8,10,18-35,Female,,Yes,No,Less than once a year,,
,2021-03-20 16:17:15,2021-03-20 16:18:24,1,3/20/21,4,Tesla,partly cloudy,i,7,7,7,7,4,4,7,7,7,7,7,7,7,7,7,10,10,10,10,10,36-55,Female,,Yes,Yes,More than once a year,,
,2021-03-23 12:42:29,2021-03-23 12:52:44,1,3/23/21,12,Tory,sunny,i,5,4,4,4,3,1,2,4,4,7,7,2,3,5,4,7,8,8,10,10,36-55,Female,,No,No,Less than once a year,,
,2021-03-23 12:57:15,2021-03-23 13:01:03,1,3/23/21,12,Tory,sunny,i,7,7,4,7,5,4,7,7,7,7,7,7,7,7,7,5,8,8,10,5,18-35,Non-binary,,Yes,No,Approximately once a year,,
,2021-03-23 13:06:19,2021-03-23 13:09:03,1,3/23/21,1,Tory,sunny,i,7,7,7,7,7,4,7,7,7,7,7,7,7,7,7,7,9,10,8,10,18-35,Male,,No,No,Less than once a year,,
,2021-03-23 13:09:16,2021-03-23 13:15:37,1,3/23/21,1,Tory,sunny,i,7,5,4,4,5,3,5,5,6,7,7,7,6,7,7,7,8,9,5,5,36-55,Male,,No,No,Approximately once a year,,
,2021-03-23 13:15:51,2021-03-23 13:18:25,1,3/23/21,1,Tory,sunny,i,7,7,4,4,7,4,7,7,7,7,7,7,7,7,7,10,10,10,10,10,18-35,Female,,Yes,No,Approximately once a year,,
,2021-03-23 13:18:45,2021-03-23 13:22:35,1,3/23/21,1,Tory,sunny,i,7,7,6,5,5,5,7,6,5,6,5,5,5,5,5,8,8,8,8,8,56-75,Male,,Yes,Yes,More than once a year,,
,2021-03-23 13:23:10,2021-03-23 13:29:15,1,3/23/21,1,Tory,sunny,1,7,7,4,7,7,5,6,7,7,7,7,7,7,6,7,5,7,7,10,7,56-75,Female,,Yes,Yes,More than once a year,,
,2021-03-23 13:30:37,2021-03-23 13:35:29,1,3/23/21,1,Tory,sunny,i,4,6,4,5,6,2,6,7,5,7,6,2,2,4,4,8,10,10,10,10,56-75,Female,,Yes,Yes,More than once a year,,
,2021-03-23 13:47:56,2021-03-23 13:59:41,1,3/23/21,1,Tory,sunny,i,7,6,5,4,5,5,4,4,4,6,6,2,6,6,6,9,9,8,7,8,18-35,Male,,Yes,No,More than once a year,,
,2021-03-23 14:03:33,2021-03-23 14:10:38,1,3/23/21,2,Tory,sunny,i,7,4,5,2,4,2,7,7,6,6,4,7,1,2,7,7,10,7,1,5,36-55,Male,,Yes,Yes,More than once a year,,
,2021-03-23 14:13:14,2021-03-23 14:19:07,1,3/23/21,2,Tory,sunny,i,5,7,4,4,5,1,7,7,4,7,5,4,5,7,6,5,10,10,4,10,18-35,Male,,No,No,Less than once a year,,
,2021-03-23 14:33:06,2021-03-23 14:37:37,1,3/23/21,2,Tory,sunny,i,6,6,6,6,6,6,7,6,4,7,7,7,7,7,7,7,10,10,9,8,18-35,Female,,No,No,Less than once a year,,
,2021-03-23 14:37:54,2021-03-23 14:41:38,1,3/23/21,2,Tory,sunny,i,3,5,6,6,5,4,5,5,4,4,5,6,6,4,5,10,10,10,10,10,36-55,Male,,Yes,No,More than once a year,,
,2021-03-27 14:09:48,2021-03-27 14:12:50,1,3/27/21,2,Tesla,sunny,i,7,6,4,4,4,4,5,3,3,7,7,5,4,7,7,8,8,8,7,8,18-35,Female,,Yes,No,Less than once a year,,
,2021-03-27 14:17:18,2021-03-27 14:19:25,1,3/27/21,2,Tesla,sunny,i,5,5,4,2,5,4,6,6,7,7,7,7,6,7,6,10,10,8,5,8,18-35,Female,,No,No,Less than once a year,,
,2021-03-27 14:29:00,2021-03-27 14:31:39,1,3/27/21,2,Tesla,sunny,i,7,7,4,4,2,4,7,7,7,7,7,7,7,7,4,5,7,5,9,8,18-35,Female,,No,No,Less than once a year,,
,2021-03-27 14:33:13,2021-03-27 14:35:12,1,3/27/21,2,Tesla,sunny,i,7,7,7,7,6,4,7,7,7,7,7,7,7,7,7,10,10,10,10,10,18-35,Female,,No,No,More than once a year,,
,2021-03-27 14:41:03,2021-03-27 14:43:28,1,3/27/21,2,Tesla,sunny,i,5,7,6,6,4,3,6,6,6,7,5,4,6,7,7,7,7,8,10,7,18-35,Male,,Yes,Yes,More than once a year,,
,2021-03-27 14:55:38,2021-03-27 14:58:02,1,3/27/21,2,Tesla,sunny,i,7,7,7,7,7,2,4,7,7,7,7,1,6,7,7,10,8,10,6,6,36-55,Male,,No,No,Less than once a year,,
,2021-03-27 15:08:54,2021-03-27 15:11:20,1,3/27/21,3,Tesla,sunny,i,7,7,7,5,4,1,3,6,5,7,7,7,5,5,7,8,8,9,6,6,18-35,Male,,Yes,No,Less than once a year,,
,2021-03-27 15:35:39,2021-03-27 15:40:22,1,3/27/21,3,Tesla,sunny,1,5,5,4,6,3,3,5,4,6,7,7,5,4,7,7,5,8,10,6,5,18-35,Prefer not to answer,,No,No,Less than once a year,,
,2021-03-27 15:47:50,2021-03-27 15:50:24,1,3/27/21,3,Tesla,sunny,i,7,4,5,4,5,1,3,4,6,5,5,4,1,4,2,7,7,8,2,4,18-35,Male,,No,Yes,Less than once a year,,
,2021-03-27 15:51:20,2021-03-27 15:52:46,1,3/27/21,3,Tesla,sunny,i,5,6,6,4,3,4,5,6,3,6,5,3,3,5,5,4,7,7,2,3,36-55,Female,,No,No,More than once a year,,
,2021-03-27 15:54:40,2021-03-27 15:56:33,1,3/27/21,3,Tesla,sunny,i,7,7,5,7,7,7,7,7,7,7,7,7,6,7,7,10,10,8,7,10,18-35,Female,,No,No,Approximately once a year,,
,2021-03-27 15:57:24,2021-03-27 15:58:54,1,3/27/21,3,Tesla,sunny,i,7,6,4,4,6,4,7,6,6,6,7,4,6,5,4,8,9,8,6,10,36-55,Female,,Yes,Yes,More than once a year,,
,2021-03-27 16:02:44,2021-03-27 16:04:11,1,3/27/21,4,Tesla,sunny,i,4,4,3,5,5,3,5,5,4,6,7,4,4,4,1,5,5,7,3,4,18-35,Female,,No,No,Less than once a year,,
,2021-03-28 13:08:22,2021-03-28 13:11:24,1,3/28/21,1,Wilson,sunny,i,7,5,5,5,4,3,6,6,7,7,7,7,4,4,5,7,10,8,6,8,18-35,Female,,Yes,No,More than once a year,,
,2021-03-28 13:12:08,2021-03-28 13:17:58,1,3/28/21,1,Wilson,sunny,1,4,7,3,4,2,2,4,7,7,7,7,7,5,5,5,5,5,7,2,3,36-55,Female,,No,No,Less than once a year,,
,2021-03-28 13:21:15,2021-03-28 13:24:55,1,3/28/21,1,Wilson,sunny,1,7,5,4,6,4,3,5,3,5,6,7,4,3,5,1,8,9,8,6,7,18-35,Male,,No,No,Approximately once a year,,
,2021-03-28 13:24:56,2021-03-28 13:28:53,1,3/28/21,1,Wilson,sunny,1,7,7,7,7,7,7,7,7,7,7,7,7,7,7,7,7,9,9,6,8,36-55,Female,,Yes,Yes,More than once a year,,
,2021-03-28 13:29:04,2021-03-28 13:31:56,1,3/28/21,1,Wilson,sunny,i,7,7,7,4,5,2,3,5,7,7,7,7,7,7,7,5,8,8,5,10,36-55,Female,,No,No,Less than once a year,,
,2021-03-28 13:39:01,2021-03-28 13:44:57,1,3/28/21,1,Wilson,sunny,i,4,6,4,3,6,2,5,6,4,6,7,5,2,4,4,4,7,7,5,5,36-55,Female,,Yes,Yes,Less than once a year,,
,2021-03-28 13:52:00,2021-03-28 13:55:25,1,3/28/21,1,Wilson,sunny,i,7,7,7,7,6,4,4,7,7,7,7,7,7,7,7,10,10,10,9,10,36-55,Female,,Yes,No,More than once a year,,
,2021-03-28 13:56:23,2021-03-28 14:01:09,1,3/28/21,1,Wilson,sunny,i,5,4,2,2,2,1,2,4,6,6,4,4,2,3,3,8,10,10,8,10,18-35,Male,,Yes,No,Less than once a year,,
,2021-03-28 14:01:09,2021-03-28 14:03:37,1,3/28/21,2,Wilson,sunny,i,5,5,2,4,2,2,2,5,7,7,7,7,4,7,7,6,7,9,10,7,36-55,Prefer not to answer,,Yes,No,Less than once a year,,
,2021-03-28 14:04:10,2021-03-28 14:08:46,1,3/28/21,2,Wilson,sunny,i,7,7,5,7,7,4,5,6,7,7,7,7,7,7,7,10,10,10,7,7,18-35,Female,,No,No,More than once a year,,
,2021-03-28 14:16:05,2021-03-28 14:20:26,1,3/28/21,2,Wilson,sunny,i,5,7,5,7,7,5,5,5,5,6,6,5,4,4,5,7,8,9,7,4,18-35,Female,,No,No,Less than once a year,,
,2021-03-28 14:23:32,2021-03-28 14:28:25,1,3/28/21,2,Wilson,sunny,i,7,6,5,7,6,6,7,7,7,7,7,6,6,7,6,5,7,8,4,9,36-55,Female,,Yes,No,Approximately once a year,,
,2021-03-28 14:28:25,2021-03-28 14:37:01,1,3/28/21,2,Wilson,sunny,i,7,7,5,3,2,2,4,7,5,7,7,4,5,5,6,8,10,10,4,10,18-35,Female,,Yes,Yes,More than once a year,,
,2021-03-28 14:41:04,2021-03-28 14:43:34,1,3/28/21,2,Wilson,sunny,i,7,7,4,3,2,5,4,7,7,7,7,7,7,7,7,8,7,6,1,10,18-35,Female,,No,No,Approximately once a year,,
,2021-03-28 14:43:34,2021-03-28 14:47:41,1,3/28/21,2,Wilson,sunny,i,7,6,7,3,2,1,1,5,7,7,4,6,5,6,6,8,10,6,3,4,18-35,Female,,Yes,No,Approximately once a year,,
,2021-03-28 14:47:41,2021-03-28 14:50:25,1,3/28/21,2,Wilson,sunny,i,7,7,2,4,2,1,6,7,7,5,5,5,5,5,3,3,3,3,6,3,18-35,Male,,No,No,Approximately once a year,,
,2021-03-28 14:50:25,2021-03-28 14:54:18,1,3/28/21,2,Wilson,sunny,1,3,6,4,4,6,6,3,6,4,6,4,5,4,3,6,4,5,4,3,5,56-75,Male,,Yes,No,Less than once a year,,
,2021-03-29 13:03:26,2021-03-29 13:06:25,1,3/29/21,1,Wilson,sunny,i,5,6,6,7,7,4,7,5,7,7,7,5,4,4,6,8,10,10,10,10,18-35,Female,,No,No,More than once a year,,
,2021-03-29 13:06:25,2021-03-29 13:12:07,1,3/29/21,1,Wilson,sunny,i,4,6,4,6,5,5,7,5,7,7,7,4,5,5,5,7,7,7,3,10,36-55,Female,,Yes,Yes,More than once a year,,
,2021-03-29 13:12:07,2021-03-29 13:15:30,1,3/29/21,1,Wilson,sunny,i,6,6,4,6,7,5,7,6,4,7,6,6,4,5,2,6,7,7,5,6,36-55,Female,,Yes,Yes,More than once a year,,
,2021-03-29 13:15:30,2021-03-29 13:18:37,1,3/29/21,1,Wilson,sunny,i,6,5,4,4,4,4,5,5,5,5,5,5,4,4,4,8,10,10,7,10,18-35,Female,,Yes,Yes,More than once a year,,
,2021-03-29 13:18:37,2021-03-29 13:23:11,1,3/29/21,1,Wilson,sunny,i,7,7,2,2,6,2,4,5,7,7,7,7,5,7,5,8,10,10,10,6,18-35,Female,,Yes,No,Less than once a year,,
,2021-03-29 13:23:11,2021-03-29 13:25:59,1,3/29/21,1,Wilson,sunny,i,7,7,4,4,4,2,4,4,7,6,4,4,5,7,7,5,5,9,10,10,18-35,Female,,No,No,Less than once a year,,
,2021-03-29 13:26:14,2021-03-29 13:29:35,1,3/29/21,1,Wilson,sunny,i,6,5,4,4,2,1,4,4,4,5,7,4,4,3,3,6,10,10,7,4,18-35,Male,,Yes,No,More than once a year,,
,2021-03-29 13:29:50,2021-03-29 13:32:24,1,3/29/21,1,Wilson,sunny,i,4,3,4,5,5,2,5,3,3,5,4,5,3,3,5,6,8,10,10,5,36-55,Male,,Yes,No,Approximately once a year,,
,2021-03-29 13:33:02,2021-03-29 13:36:44,1,3/29/21,1,Wilson,sunny,i,6,7,4,5,4,4,7,7,5,6,6,3,5,5,2,5,9,9,5,10,36-55,Male,,No,No,Less than once a year,,
,2021-03-29 13:37:27,2021-03-29 13:40:48,1,3/29/21,1,Wilson,sunny,1,7,7,3,6,6,5,7,7,7,7,7,7,7,7,7,10,7,7,5,5,36-55,Male,,Yes,No,Approximately once a year,,
,2021-03-29 13:50:31,2021-03-29 13:54:23,1,3/29/21,1,Wilson,sunny,i,7,7,4,4,4,2,4,7,7,7,7,7,7,7,7,7,8,9,5,7,18-35,Male,,No,No,Approximately once a year,,
,2021-03-29 13:54:23,2021-03-29 13:59:08,1,3/29/21,1,Wilson,sunny,i,7,7,6,7,6,5,7,6,7,7,7,5,7,5,6,8,9,9,9,7,56-75,Female,,Yes,Yes,More than once a year,,
,2021-03-29 13:59:36,2021-03-29 14:03:00,1,3/29/21,1,Wilson,sunny,1,5,5,4,5,4,3,5,3,5,7,6,6,3,5,5,4,8,7,3,3,18-35,Female,,No,No,Approximately once a year,,
,2021-03-29 14:03:37,2021-03-29 14:07:25,1,3/29/21,2,Wilson,sunny,i,6,7,5,5,7,5,3,6,6,5,6,6,4,5,7,7,7,5,3,6,36-55,Male,,No,No,More than once a year,,
,2021-03-29 14:07:58,2021-03-29 14:13:46,1,3/29/21,2,Wilson,sunny,i,7,7,7,7,7,7,7,7,7,7,7,7,7,7,7,5,8,8,10,7,18-35,Male,,No,No,More than once a year,,
,2021-03-29 14:13:48,2021-03-29 14:18:12,1,3/29/21,2,Wilson,sunny,i,7,7,7,7,7,7,7,6,5,7,7,7,4,7,7,6,10,7,5,6,36-55,Female,,Yes,No,Approximately once a year,,
,2021-03-29 14:18:12,2021-03-29 14:20:49,1,3/29/21,2,Wilson,sunny,i,6,6,4,4,4,4,4,6,5,5,5,6,5,5,4,7,7,7,6,6,18-35,Female,,No,No,More than once a year,,
,2021-03-29 14:20:49,2021-03-29 14:23:37,1,3/29/21,2,Wilson,sunny,i,7,7,7,7,7,7,7,7,7,7,7,7,7,7,7,10,10,10,10,10,18-35,Female,,No,No,Less than once a year,,
,2021-03-29 14:24:16,2021-03-29 14:27:38,1,3/29/21,2,Wilson,sunny,i,3,3,3,3,3,5,5,5,5,5,5,6,5,5,4,8,8,8,6,6,18-35,Female,,Yes,Yes,More than once a year,,
,2021-03-29 14:27:38,2021-03-29 14:31:37,1,3/29/21,2,Wilson,sunny,i,7,7,4,7,4,1,4,4,7,7,7,7,7,7,7,10,10,10,10,10,36-55,Male,,Yes,No,Approximately once a year,,
,2021-03-29 14:32:44,2021-03-29 14:36:16,1,3/29/21,2,Wilson,sunny,i,6,6,4,6,6,4,6,7,7,7,7,7,7,7,7,10,10,10,8,8,36-55,Female,,Yes,Yes,More than once a year,,
,2021-03-29 14:37:20,2021-03-29 14:42:42,1,3/29/21,2,Wilson,sunny,1,5,4,3,6,3,1,4,4,6,6,5,5,3,4,3,7,8,9,3,4,36-55,Male,,Yes,Yes,Approximately once a year,,
,2021-03-29 14:44:19,2021-03-29 14:48:45,1,3/29/21,2,Wilson,sunny,i,7,4,5,6,4,5,6,4,5,7,6,6,4,5,5,6,9,10,4,6,18-35,Male,,Yes,Yes,More than once a year,,
,2021-03-30 12:30:23,2021-03-30 12:40:17,1,3/30/21,12,Tory,sunny,i,6,5,4,5,5,6,5,3,5,5,6,4,4,3,4,8,10,10,8,8,36-55,Male,,Yes,Yes,More than once a year,,
,2021-03-30 12:42:05,2021-03-30 12:45:12,1,3/30/21,12,Tory,sunny,i,7,7,4,4,4,2,2,4,4,4,7,7,4,7,7,10,10,10,10,10,36-55,Female,,Yes,No,More than once a year,,
,2021-03-30 12:49:31,2021-03-30 12:56:51,1,3/30/21,12,Tory,sunny,1,7,7,7,7,7,1,7,4,3,7,5,6,5,5,5,9,10,10,8,10,56-75,Female,,No,No,Less than once a year,,
,2021-03-30 13:15:34,2021-03-30 13:19:01,1,3/30/21,1,Tory,sunny,i,5,4,1,2,4,4,2,1,4,7,6,7,4,7,7,4,6,7,1,5,Under 18,Female,,Yes,No,Less than once a year,,
,2021-03-30 13:22:20,2021-03-30 13:33:15,1,3/30/21,1,Tory,sunny,i,6,7,4,4,2,1,6,6,5,5,4,7,3,6,2,7,9,10,6,9,Under 18,Female,,Yes,No,Less than once a year,,
,2021-03-30 13:33:51,2021-03-30 13:37:24,1,3/30/21,1,Tory,sunny,i,6,3,1,2,2,1,4,1,4,7,7,7,7,7,7,7,9,10,7,5,18-35,Female,,No,No,Less than once a year,,
,2021-03-30 13:38:11,2021-03-30 13:41:01,1,3/30/21,1,Tory,sunny,i,7,6,4,4,4,4,6,4,5,7,7,4,4,4,4,7,8,10,7,10,36-55,Female,,Yes,Yes,More than once a year,,
,2021-03-30 13:42:06,2021-03-30 13:47:16,1,3/30/21,1,Tory,sunny,i,7,7,7,7,7,7,5,7,6,7,5,4,5,6,7,8,10,9,8,8,56-75,Male,,Yes,Yes,Approximately once a year,,
,2021-03-30 13:48:20,2021-03-30 13:50:39,1,3/30/21,1,Tory,sunny,i,7,7,7,7,7,7,7,6,7,7,7,7,7,7,7,10,10,10,7,10,36-55,Male,,Yes,Yes,More than once a year,,
,2021-03-30 14:01:00,2021-03-30 14:06:42,1,3/30/21,2,Tory,sunny,i,7,7,7,7,6,7,7,7,7,7,7,7,5,7,7,10,10,10,7,10,18-35,Female,,Yes,No,More than once a year,,
,2021-03-30 14:07:43,2021-03-30 14:13:14,1,3/30/21,2,Tory,sunny,i,4,4,5,6,4,2,4,4,5,5,5,7,5,7,7,6,9,10,6,5,18-35,Female,,No,No,Approximately once a year,,
,2021-03-30 14:14:30,2021-03-30 14:25:43,1,3/30/21,2,Tory,sunny,1,7,7,4,7,7,7,4,7,7,7,7,7,4,7,7,9,10,10,10,10,76 or older,Male,,Yes,No,More than once a year,,
,2021-04-02 14:06:58,2021-04-02 14:10:28,1,4/2/21,2,Wilson,sunny,i,7,5,7,5,5,6,5,4,5,5,4,3,4,5,4,8,10,9,7,4,18-35,Non-binary,,Yes,No,Approximately once a year,,
,2021-04-02 14:10:28,2021-04-02 14:13:15,1,4/2/21,2,Wilson,sunny,i,6,3,3,6,6,6,4,2,3,3,3,5,6,2,2,5,8,8,4,8,18-35,Male,,Yes,No,More than once a year,,
,2021-04-02 14:13:15,2021-04-02 14:15:34,1,4/2/21,2,Wilson,sunny,i,7,7,4,5,7,6,7,6,5,5,7,4,4,4,1,5,8,6,1,4,18-35,Female,,Yes,No,Less than once a year,,
,2021-04-02 14:15:34,2021-04-02 14:20:14,1,4/2/21,2,Wilson,sunny,i,4,5,3,3,4,2,4,5,5,4,5,4,4,5,5,5,7,7,5,6,18-35,Male,,No,No,Less than once a year,,
,2021-04-02 14:20:14,2021-04-02 14:24:24,1,4/2/21,2,Wilson,sunny,i,7,6,6,6,7,5,7,4,5,5,4,3,3,5,3,10,10,10,5,7,18-35,Female,,Yes,Yes,More than once a year,,
,2021-04-02 14:24:24,2021-04-02 14:31:49,1,4/2/21,2,Wilson,sunny,i,7,7,4,4,7,1,7,2,7,7,7,5,7,7,7,10,10,10,10,10,56-75,Female,,Yes,No,Approximately once a year,,
,2021-04-02 14:35:12,2021-04-02 14:38:34,1,4/2/21,2,Wilson,sunny,i,7,6,4,4,4,4,4,4,5,6,6,6,5,6,6,6,7,6,5,6,18-35,Female,,No,No,Less than once a year,,
,2021-04-02 14:38:36,2021-04-02 14:45:48,1,4/2/21,2,Wilson,sunny,i,7,7,5,7,6,4,7,7,7,7,7,7,4,7,7,10,10,10,6,10,36-55,Female,,Yes,Yes,More than once a year,,
,2021-04-02 14:50:36,2021-04-02 14:56:07,1,4/2/21,2,Wilson,sunny,i,5,6,3,7,4,1,7,5,7,7,5,7,7,7,5,5,10,9,5,10,18-35,Female,,No,No,Less than once a year,,
,2021-04-02 14:56:43,2021-04-02 15:03:11,1,4/2/21,2,Wilson,sunny,1,7,6,7,7,4,4,3,5,7,7,7,5,4,4,6,5,6,6,3,7,18-35,Male,,No,No,Approximately once a year,,
,2021-04-02 15:04:33,2021-04-02 15:10:55,1,4/2/21,3,Wilson,sunny,i,7,7,7,7,7,7,4,7,7,7,7,7,7,7,7,10,10,10,10,10,56-75,Female,,Yes,No,Approximately once a year,,
,2021-04-02 15:19:21,2021-04-02 15:22:19,1,4/2/21,3,Wilson,sunny,i,7,7,7,6,5,4,7,7,4,7,5,4,3,4,1,5,10,10,4,6,18-35,Male,,No,Yes,More than once a year,,
,2021-04-02 15:22:19,2021-04-02 15:30:20,1,4/2/21,3,Wilson,sunny,i,7,5,5,7,5,2,6,6,6,7,7,7,5,6,5,7,8,9,4,5,18-35,Male,,Yes,No,Less than once a year,,
,2021-04-02 15:36:12,2021-04-02 15:40:24,1,4/2/21,3,Wilson,sunny,i,7,7,6,7,7,7,7,6,7,6,7,7,7,7,7,8,10,10,4,5,36-55,Male,,Yes,No,More than once a year,,
,2021-04-02 15:42:30,2021-04-02 15:49:42,1,4/2/21,3,Wilson,sunny,i,4,7,7,4,5,7,6,7,4,6,7,4,4,4,5,7,10,10,6,5,36-55,Male,,No,No,Less than once a year,,
,2021-04-02 15:50:56,2021-04-02 15:54:16,1,4/2/21,3,Wilson,sunny,i,4,4,3,4,3,2,4,4,5,6,6,6,3,3,5,10,10,10,7,7,36-55,Female,,Yes,No,Approximately once a year,,
,2021-04-03 14:15:42,2021-04-03 14:17:44,1,4/3/21,2,Tesla,partly cloudy,i,6,6,3,5,5,1,7,7,5,7,7,4,5,5,5,5,8,10,2,8,36-55,Male,,Yes,Yes,More than once a year,,
,2021-04-03 14:29:40,2021-04-03 14:31:53,1,4/3/21,2,Tesla,partly cloudy,i,5,7,5,5,7,2,5,4,5,5,5,4,5,5,2,4,10,10,2,10,36-55,Male,,Yes,No,Less than once a year,,
,2021-04-03 14:34:37,2021-04-03 14:37:15,1,4/3/21,2,Tesla,partly cloudy,i,4,7,4,2,6,2,1,7,5,6,4,4,4,4,5,2,4,5,1,5,36-55,Female,,No,No,Less than once a year,,
,2021-04-03 14:49:36,2021-04-03 14:51:16,1,4/3/21,2,Tesla,partly cloudy,i,6,7,6,7,7,6,7,7,6,7,6,5,5,5,5,7,10,10,4,7,18-35,Female,,No,No,Less than once a year,,
,2021-04-03 14:53:19,2021-04-03 14:55:13,1,4/3/21,2,Tesla,partly cloudy,i,7,5,6,6,6,2,6,5,4,6,5,6,4,4,4,8,10,10,6,6,36-55,Male,,Yes,Yes,More than once a year,,
,2021-04-03 14:56:19,2021-04-03 14:58:13,1,4/3/21,2,Tesla,partly cloudy,i,7,7,7,7,7,7,7,7,4,7,5,2,5,7,7,7,8,8,4,7,56-75,Female,,Yes,No,Less than once a year,,
,2021-04-03 14:59:27,2021-04-03 15:02:55,1,4/3/21,2,Tesla,partly cloudy,i,7,4,4,1,4,1,4,4,4,7,7,7,4,7,7,5,10,10,5,5,36-55,Male,,No,No,Less than once a year,,
,2021-04-03 15:05:32,2021-04-03 15:08:41,1,4/3/21,3,Tesla,partly cloudy,i,6,7,4,4,2,1,7,7,7,7,7,4,4,4,4,10,10,10,5,5,36-55,Female,,No,No,Approximately once a year,,
,2021-04-03 15:19:15,2021-04-03 15:21:01,1,4/3/21,3,Tesla,partly cloudy,i,5,4,2,6,6,3,4,6,6,6,6,6,4,4,4,7,10,6,5,5,36-55,Male,,Yes,Yes,More than once a year,,
,2021-04-03 15:27:57,2021-04-03 15:29:30,1,4/3/21,3,Tesla,partly cloudy,i,7,5,7,7,7,4,7,4,5,6,6,5,6,7,5,7,7,7,5,6,18-35,Non-binary,,Yes,No,Less than once a year,,
,2021-04-03 15:37:49,2021-04-03 15:39:38,1,4/3/21,3,Tesla,partly cloudy,i,7,7,4,3,7,4,4,3,7,7,7,7,7,7,7,10,10,10,10,10,18-35,Female,,Yes,No,Less than once a year,,
,2021-04-03 15:43:53,2021-04-03 15:47:29,1,4/3/21,3,Tesla,partly cloudy,i,7,7,5,7,2,7,6,7,7,7,7,7,5,7,7,10,10,10,6,5,36-55,Female,,Yes,No,Less than once a year,,
,2021-04-03 15:51:53,2021-04-03 15:54:41,1,4/3/21,3,Tesla,partly cloudy,i,7,7,7,7,4,2,3,5,4,7,7,4,7,7,7,6,10,10,7,8,18-35,Male,,Yes,No,Approximately once a year,,
,2021-04-03 15:55:58,2021-04-03 15:58:15,1,4/3/21,3,Tesla,partly cloudy,i,7,7,5,4,4,1,1,6,6,7,7,4,5,7,6,7,7,7,7,5,18-35,Male,,No,No,Less than once a year,,
,2021-04-03 15:59:12,2021-04-03 16:00:57,1,4/3/21,3,Tesla,partly cloudy,i,4,4,4,6,5,4,6,5,5,6,7,4,3,5,5,7,8,8,6,8,36-55,Female,,Yes,Yes,More than once a year,,
,2021-04-03 16:04:02,2021-04-03 16:10:17,1,4/3/21,4,Tesla,partly cloudy,1,3,2,2,1,3,1,2,1,4,6,5,4,1,5,6,5,5,7,5,7,36-55,Non-binary,,Yes,No,Less than once a year,,
,2021-04-04 12:14:11,2021-04-04 12:16:35,1,4/4/21,12,Wilson,partly cloudy,i,7,7,7,7,7,7,7,7,7,7,7,6,6,7,7,7,8,8,5,7,18-35,Female,,No,No,More than once a year,,
,2021-04-04 12:17:08,2021-04-04 12:24:05,1,4/4/21,12,Wilson,partly cloudy,i,4,1,5,4,4,4,6,5,5,4,3,6,3,6,6,10,10,10,10,10,18-35,Female,,No,No,More than once a year,,
,2021-04-04 12:24:05,2021-04-04 12:26:02,1,4/4/21,12,Wilson,partly cloudy,i,6,7,4,3,4,5,5,4,4,4,4,3,3,5,5,8,8,7,7,8,18-35,Male,,Yes,No,Approximately once a year,,
,2021-04-04 12:26:48,2021-04-04 12:31:32,1,4/4/21,12,Wilson,partly cloudy,i,7,7,6,7,7,5,7,5,7,7,7,7,7,7,5,10,10,10,7,7,36-55,Non-binary,,Yes,Yes,More than once a year,,
,2021-04-04 12:31:32,2021-04-04 12:34:13,1,4/4/21,12,Wilson,partly cloudy,i,7,6,6,6,7,5,5,5,6,7,7,7,7,7,7,9,8,9,6,8,18-35,Female,,Yes,No,Approximately once a year,,
,2021-04-04 12:35:18,2021-04-04 12:39:31,1,4/4/21,12,Wilson,partly cloudy,i,7,7,4,5,7,5,5,6,7,7,7,5,6,6,4,7,8,8,7,7,18-35,Male,,No,No,More than once a year,,
,2021-04-04 12:39:31,2021-04-04 12:43:53,1,4/4/21,12,Wilson,partly cloudy,i,4,3,3,5,4,2,5,3,5,5,6,5,3,3,3,6,9,9,7,7,18-35,Male,,No,No,Less than once a year,,
,2021-04-04 12:43:53,2021-04-04 12:52:17,1,4/4/21,12,Wilson,partly cloudy,i,6,7,4,6,4,3,6,7,6,6,7,7,4,5,7,7,8,8,7,4,36-55,Male,,Yes,Yes,More than once a year,,
,2021-04-04 12:52:17,2021-04-04 13:00:28,1,4/4/21,12,Wilson,partly cloudy,i,6,6,4,7,4,2,5,7,5,7,6,6,4,7,5,5,8,7,1,6,36-55,Male,,No,No,More than once a year,,
,2021-04-04 13:01:09,2021-04-04 13:03:18,1,4/4/21,1,Wilson,partly cloudy,i,7,7,7,7,7,7,7,7,7,7,7,7,7,7,7,10,10,10,9,10,18-35,Female,,Yes,Yes,More than once a year,,
,2021-04-04 13:04:02,2021-04-04 13:08:59,1,4/4/21,1,Wilson,partly cloudy,i,4,2,5,2,5,4,5,3,4,5,3,2,2,4,5,4,7,7,7,7,18-35,Male,,No,No,Approximately once a year,,
,2021-04-04 13:09:05,2021-04-04 13:13:08,1,4/4/21,1,Wilson,partly cloudy,i,6,5,7,5,7,1,4,7,7,7,7,5,7,6,5,10,9,9,10,7,18-35,Female,,Yes,No,Less than once a year,,
,2021-04-04 13:13:08,2021-04-04 13:16:42,1,4/4/21,1,Wilson,partly cloudy,i,6,5,4,4,4,5,5,4,6,6,5,6,5,4,4,9,7,7,9,8,36-55,Male,,No,No,Approximately once a year,,
,2021-04-04 13:25:52,2021-04-04 13:30:51,1,4/4/21,1,Wilson,partly cloudy,i,5,4,5,6,5,4,7,6,5,6,6,4,2,5,6,6,8,7,5,6,36-55,Male,,Yes,Yes,More than once a year,,
,2021-04-04 13:30:51,2021-04-04 13:32:24,1,4/4/21,1,Wilson,partly cloudy,i,6,5,4,5,4,4,5,4,5,4,4,4,5,5,5,9,8,9,9,9,36-55,Male,,Yes,No,More than once a year,,
,2021-04-04 13:35:19,2021-04-04 13:39:54,1,4/4/21,1,Wilson,partly cloudy,i,6,5,5,6,4,4,5,5,4,5,4,3,3,4,4,4,7,6,3,3,18-35,Male,,No,No,Approximately once a year,,
,2021-04-05 12:02:36,2021-04-05 12:06:08,1,4/5/21,12,Wilson,cloudy,i,6,6,5,7,6,6,7,5,7,7,7,5,6,7,7,10,10,10,8,10,36-55,Female,,Yes,No,More than once a year,,
,2021-04-05 12:14:43,2021-04-05 12:22:49,1,4/5/21,12,Wilson,cloudy,i,6,6,7,5,7,7,5,4,4,7,4,3,4,3,3,4,9,8,7,8,56-75,Male,,Yes,Yes,More than once a year,,
,2021-04-05 12:22:49,2021-04-05 12:26:16,1,4/5/21,12,Wilson,cloudy,i,7,7,6,5,3,5,7,6,4,7,4,2,2,5,3,4,8,7,1,4,36-55,Female,,Yes,Yes,More than once a year,,
,2021-04-05 12:26:16,2021-04-05 12:30:10,1,4/5/21,12,Wilson,cloudy,1,4,6,4,5,3,3,5,6,5,5,4,5,5,2,2,7,7,7,7,6,36-55,Male,,Yes,Yes,More than once a year,,
,2021-04-05 12:31:39,2021-04-05 12:34:01,1,4/5/21,12,Wilson,cloudy,i,7,7,7,4,7,7,7,7,5,7,7,1,4,7,4,3,8,6,1,4,36-55,Female,,Yes,No,More than once a year,,
,2021-04-05 12:38:28,2021-04-05 12:44:08,1,4/5/21,12,Wilson,cloudy,i,7,6,6,5,4,4,7,5,6,6,6,6,5,6,6,10,10,10,10,10,36-55,Female,,Yes,No,Approximately once a year,,
,2021-04-05 12:44:08,2021-04-05 12:50:12,1,4/5/21,12,Wilson,cloudy,i,7,7,4,7,4,3,6,4,7,7,1,7,6,6,7,10,10,10,5,4,18-35,Female,,No,No,Less than once a year,,
,2021-04-05 12:50:12,2021-04-05 12:53:17,1,4/5/21,12,Wilson,cloudy,i,5,4,6,3,3,2,5,6,7,7,7,7,4,7,7,8,10,10,10,10,36-55,Female,,No,No,Approximately once a year,,
,2021-04-05 12:53:17,2021-04-05 12:56:56,1,4/5/21,12,Wilson,cloudy,1,7,7,4,7,7,5,7,7,7,7,7,7,5,7,7,4,9,9,1,5,56-75,Male,,Yes,Yes,More than once a year,,
,2021-04-05 13:02:51,2021-04-05 13:07:59,1,4/5/21,1,Wilson,cloudy,i,6,3,4,6,6,3,6,6,6,5,5,5,2,3,5,7,6,7,4,5,18-35,Male,,Yes,No,More than once a year,,
,2021-04-05 13:07:59,2021-04-05 13:13:51,1,4/5/21,1,Wilson,cloudy,1,7,7,7,7,7,6,7,7,7,7,6,7,5,7,7,9,10,10,7,10,56-75,Female,,Yes,No,More than once a year,,
,2021-04-05 13:15:20,2021-04-05 13:19:38,1,4/5/21,1,Wilson,cloudy,i,6,5,4,5,4,1,4,5,4,6,6,4,2,4,4,6,7,7,10,8,18-35,Male,,Yes,No,Less than once a year,,
,2021-04-05 13:23:18,2021-04-05 13:26:34,1,4/5/21,1,Wilson,cloudy,i,7,7,4,4,6,7,4,7,6,7,7,7,5,7,7,9,10,10,10,10,56-75,Female,,Yes,Yes,More than once a year,,
,2021-04-05 13:27:54,2021-04-05 13:34:15,1,4/5/21,1,Wilson,cloudy,i,7,7,6,7,7,7,7,7,7,7,7,6,7,7,7,9,10,10,7,10,56-75,Female,,Yes,No,More than once a year,,
,2021-04-05 13:34:15,2021-04-05 13:40:43,1,4/5/21,1,Wilson,cloudy,1,7,7,5,6,5,6,5,7,6,7,4,5,5,6,4,6,7,8,4,10,18-35,Male,,Yes,No,Approximately once a year,,
,2021-04-05 13:42:04,2021-04-05 13:48:58,1,4/5/21,1,Wilson,cloudy,1,6,7,7,6,5,5,6,6,7,7,6,6,5,6,6,10,10,10,6,6,36-55,Female,,No,No,More than once a year,,
moat drained,2021-04-06 12:32:34,2021-04-06 12:40:28,1,4/6/21,12,Tory,sunny,i,7,6,4,4,4,4,6,6,6,7,7,7,6,7,4,9,10,9,7,6,36-55,Female,,No,Yes,More than once a year,,
moat drained,2021-04-06 12:41:02,2021-04-06 12:51:24,1,4/6/21,12,Tory,sunny,i,6,6,6,7,7,7,7,6,5,7,7,4,4,4,4,3,8,5,2,10,36-55,Female,,No,No,Approximately once a year,,
moat drained,2021-04-06 12:51:46,2021-04-06 13:05:53,1,4/6/21,1,Tory,sunny,i,7,6,4,5,4,4,5,7,4,7,7,7,4,6,6,9,10,10,6,6,18-35,Female,,No,No,Approximately once a year,,
moat drained,2021-04-06 13:05:55,2021-04-06 13:14:36,1,4/6/21,1,Tory,sunny,i,5,7,3,5,6,7,6,7,5,7,7,4,6,5,3,5,8,9,1,3,36-55,Male,,Yes,Yes,More than once a year,,
moat drained,2021-04-06 13:14:49,2021-04-06 13:20:24,1,4/6/21,1,Tory,sunny,i,7,7,7,7,7,7,6,6,6,7,6,7,5,7,6,9,10,9,5,6,36-55,Female,,Yes,Yes,More than once a year,,
moat drained,2021-04-06 13:20:58,2021-04-06 13:33:43,1,4/6/21,1,Tory,sunny,i,5,7,4,7,6,1,4,7,6,6,5,3,3,3,3,8,7,8,7,6,18-35,Male,,Yes,No,More than once a year,,
moat drained,2021-04-06 13:35:07,2021-04-06 13:38:16,1,4/6/21,1,Tory,sunny,i,6,6,3,4,4,4,4,7,4,7,4,7,4,3,4,8,8,8,5,6,18-35,Male,,Yes,No,Approximately once a year,,
moat drained,2021-04-06 14:01:50,2021-04-06 14:03:58,1,4/6/21,2,Tory,sunny,i,4,5,3,5,4,5,6,5,7,7,7,7,7,7,7,6,7,7,10,6,36-55,Female,,Yes,No,Approximately once a year,,
moat drained,2021-04-06 14:04:30,2021-04-06 14:06:37,1,4/6/21,2,Tory,sunny,i,7,7,7,7,7,7,7,7,7,7,7,7,7,7,7,10,10,10,10,10,36-55,Male,,No,No,Less than once a year,,
moat drained,2021-04-06 14:30:25,2021-04-06 14:33:58,1,4/6/21,2,Tory,sunny,i,6,4,1,3,3,3,4,5,4,4,4,4,4,4,3,8,10,10,7,7,18-35,Male,,No,No,Approximately once a year,,
,2021-04-09 13:19:16,2021-04-09 13:21:23,1,4/9/21,1,Wilson,sunny,i,7,7,5,5,7,4,5,6,7,7,7,3,7,6,2,8,10,10,4,6,18-35,Female,,No,No,Approximately once a year,,
,2021-04-09 13:21:35,2021-04-09 13:24:15,1,4/9/21,1,Wilson,sunny,i,5,5,5,6,7,5,7,7,5,5,5,5,5,5,5,7,8,8,8,8,36-55,Male,,No,No,Less than once a year,,
,2021-04-09 13:24:51,2021-04-09 13:32:30,1,4/9/21,1,Wilson,sunny,i,5,4,4,5,4,4,5,4,5,7,7,7,6,6,5,8,8,8,5,5,36-55,Female,,No,No,Less than once a year,,
,2021-04-09 13:33:15,2021-04-09 13:36:43,1,4/9/21,1,Wilson,sunny,i,7,7,4,7,7,4,4,7,7,7,7,7,7,7,7,8,10,10,7,6,56-75,Male,,Yes,Yes,Less than once a year,,
,2021-04-09 13:44:48,2021-04-09 13:48:50,1,4/9/21,1,Wilson,sunny,i,5,6,3,5,6,6,6,6,4,4,5,5,2,3,5,3,8,8,2,10,18-35,Female,,Yes,Yes,More than once a year,,
,2021-04-09 13:54:56,2021-04-09 13:58:28,1,4/9/21,1,Wilson,sunny,1,7,7,6,7,7,7,6,6,7,7,7,7,7,7,7,8,10,10,6,8,36-55,Female,,No,No,More than once a year,,
,2021-04-09 14:00:43,2021-04-09 14:04:56,1,4/9/21,2,Wilson,sunny,i,6,5,4,5,4,4,5,4,7,7,5,6,4,5,5,7,8,8,7,8,36-55,Female,,Yes,Yes,More than once a year,,
,2021-04-09 14:05:08,2021-04-09 14:08:05,1,4/9/21,2,Wilson,sunny,i,6,6,5,4,5,4,5,6,7,6,6,7,6,6,6,10,9,8,9,9,36-55,Male,,No,No,Approximately once a year,,
,2021-04-09 14:08:26,2021-04-09 14:11:27,1,4/9/21,2,Wilson,sunny,i,7,7,6,4,4,4,6,7,7,7,7,5,4,7,6,6,8,9,10,10,36-55,Female,,Yes,Yes,More than once a year,,
,2021-04-09 14:12:15,2021-04-09 14:15:28,1,4/9/21,2,Wilson,sunny,i,6,4,5,5,5,3,7,4,6,7,6,4,4,4,4,7,10,8,7,8,36-55,Male,,No,No,Approximately once a year,,
,2021-04-09 14:18:39,2021-04-09 14:23:56,1,4/9/21,2,Wilson,sunny,i,7,7,4,4,4,3,5,5,7,7,7,7,7,7,7,7,7,10,6,9,36-55,Male,,Yes,Yes,More than once a year,,
,2021-04-09 14:24:47,2021-04-09 14:33:31,1,4/9/21,2,Wilson,sunny,i,6,6,5,6,5,4,6,5,5,6,5,5,5,6,6,8,10,10,7,8,36-55,Male,,No,Yes,Approximately once a year,,
,2021-04-09 14:33:31,2021-04-09 14:35:32,1,4/9/21,2,Wilson,sunny,i,4,2,1,4,4,4,7,6,7,7,7,7,4,7,7,10,10,10,5,10,18-35,Female,,Yes,Yes,More than once a year,,
,2021-04-09 14:36:26,2021-04-09 14:38:59,1,4/9/21,2,Wilson,sunny,i,5,6,4,4,4,4,5,5,3,7,7,4,2,4,4,7,10,10,3,10,18-35,Female,,Yes,Yes,More than once a year,,
,2021-04-09 14:39:22,2021-04-09 14:46:42,1,4/9/21,2,Wilson,sunny,1,4,4,1,7,5,1,6,7,5,5,4,4,3,5,4,9,9,10,6,5,18-35,Female,,No,No,Approximately once a year,,
,2021-04-09 14:47:49,2021-04-09 14:51:19,1,4/9/21,2,Wilson,sunny,i,5,4,5,6,3,2,4,7,5,4,5,4,2,2,1,7,8,9,4,8,Under 18,Non-binary,,Yes,No,Less than once a year,,
,2021-04-09 14:56:23,2021-04-09 14:59:45,1,4/9/21,2,Wilson,sunny,i,7,7,7,7,7,7,7,7,7,7,7,7,7,7,7,10,10,10,9,10,56-75,Female,,Yes,Yes,More than once a year,,
,2021-04-10 14:19:50,2021-04-10 14:23:44,1,4/10/21,2,Tesla,sunny,i,6,4,4,4,4,3,5,3,5,5,5,5,3,5,5,7,8,8,4,5,18-35,Female,,Yes,Yes,Approximately once a year,,
,2021-04-10 14:25:43,2021-04-10 14:30:16,1,4/10/21,2,Tesla,sunny,i,2,3,3,5,3,1,7,5,3,3,3,3,6,5,5,3,6,6,3,4,18-35,Male,,Yes,No,Approximately once a year,,
,2021-04-10 14:39:46,2021-04-10 14:43:12,1,4/10/21,2,Tesla,sunny,i,4,5,7,7,4,4,7,7,7,7,7,7,7,7,7,10,10,10,10,10,36-55,Female,,No,No,Approximately once a year,,
,2021-04-10 14:47:16,2021-04-10 14:51:08,1,4/10/21,2,Tesla,sunny,1,7,7,5,5,7,5,6,6,6,6,7,6,5,6,6,8,8,7,5,5,36-55,Female,,No,No,Less than once a year,,
,2021-04-10 14:58:01,2021-04-10 15:03:14,1,4/10/21,3,Tesla,sunny,1,7,5,7,7,4,1,7,7,1,4,1,7,1,1,1,5,10,10,1,10,56-75,Male,,Yes,No,Approximately once a year,,
,2021-04-10 15:05:43,2021-04-10 15:09:30,1,4/10/21,3,Tesla,sunny,i,7,7,7,7,6,7,7,7,7,7,7,7,7,7,7,6,7,7,6,6,18-35,Male,,No,No,Approximately once a year,,
,2021-04-10 15:10:36,2021-04-10 15:13:09,1,4/10/21,3,Tesla,sunny,i,7,7,4,6,3,3,3,4,7,7,7,7,7,7,7,8,6,10,10,5,36-55,Prefer not to answer,,Yes,No,More than once a year,,
,2021-04-10 15:22:45,2021-04-10 15:24:55,1,4/10/21,3,Tesla,sunny,i,6,6,5,4,7,7,7,6,5,6,5,4,3,4,4,6,7,8,4,6,36-55,Male,,Yes,No,More than once a year,,
,2021-04-10 15:30:47,2021-04-10 15:34:21,1,4/10/21,3,Tesla,sunny,i,7,7,5,7,6,4,6,7,6,6,4,7,5,6,5,3,6,6,8,10,18-35,Male,,Yes,No,More than once a year,,
,2021-04-10 15:35:50,2021-04-10 15:38:49,1,4/10/21,3,Tesla,sunny,i,5,3,3,3,3,4,5,7,7,7,7,4,5,5,2,6,8,8,4,6,18-35,Male,,Yes,Yes,More than once a year,,
,2021-04-10 15:50:09,2021-04-10 15:52:39,1,4/10/21,3,Tesla,sunny,i,5,7,5,7,6,5,7,7,7,7,7,7,4,5,5,10,10,10,7,8,36-55,Female,,No,No,Approximately once a year,,
,2021-04-10 16:01:02,2021-04-10 16:03:17,1,4/10/21,4,Tesla,sunny,i,7,4,4,4,4,4,4,7,7,7,7,7,7,7,7,5,10,9,1,5,18-35,Female,,No,No,More than once a year,,
,2021-04-11 12:09:23,2021-04-11 12:12:37,1,4/11/21,12,Wilson,sunny,i,7,4,5,1,4,1,2,3,5,4,4,5,4,4,4,8,10,10,7,10,18-35,Female,,Yes,No,Approximately once a year,,
,2021-04-11 12:12:37,2021-04-11 12:16:31,1,4/11/21,12,Wilson,sunny,i,6,7,4,3,5,2,5,6,4,6,6,3,4,4,5,7,7,8,6,6,36-55,Male,,No,No,Approximately once a year,,
,2021-04-11 12:16:31,2021-04-11 12:24:22,1,4/11/21,12,Wilson,sunny,i,6,6,6,7,6,4,7,7,5,6,6,3,6,7,4,7,9,10,4,8,36-55,Prefer not to answer,,No,No,Approximately once a year,,
,2021-04-11 12:24:22,2021-04-11 12:26:47,1,4/11/21,12,Wilson,sunny,i,7,7,4,4,4,1,4,7,4,7,7,7,4,4,7,8,10,10,4,9,36-55,Male,,Yes,No,Less than once a year,,
,2021-04-11 12:27:37,2021-04-11 12:34:46,1,4/11/21,12,Wilson,sunny,1,6,6,6,6,5,5,7,7,5,7,7,5,6,7,6,7,9,10,4,4,56-75,Male,,Yes,Yes,More than once a year,,
,2021-04-11 12:37:11,2021-04-11 12:40:32,1,4/11/21,12,Wilson,sunny,i,7,7,6,6,6,4,6,6,7,7,5,6,5,4,5,5,10,9,5,8,18-35,Female,,No,No,Approximately once a year,,
,2021-04-11 12:44:35,2021-04-11 12:47:46,1,4/11/21,12,Wilson,sunny,i,7,7,5,7,7,7,7,7,7,7,7,7,7,7,7,5,7,7,5,5,36-55,Prefer not to answer,,Yes,No,More than once a year,,
,2021-04-11 12:47:46,2021-04-11 12:52:58,1,4/11/21,12,Wilson,sunny,1,7,7,6,7,7,5,7,7,7,7,7,7,7,7,7,6,7,10,5,7,36-55,Male,,Yes,No,Approximately once a year,,
,2021-04-11 12:53:57,2021-04-11 12:58:14,1,4/11/21,12,Wilson,sunny,i,6,6,4,4,5,4,7,6,7,7,7,7,7,7,7,10,10,10,10,10,18-35,Female,,No,No,Approximately once a year,,
,2021-04-11 13:01:37,2021-04-11 13:05:05,1,4/11/21,1,Wilson,sunny,i,4,6,4,4,4,2,5,6,5,7,4,5,4,6,4,3,4,5,3,9,18-35,Female,,No,No,Less than once a year,,
,2021-04-11 13:05:58,2021-04-11 13:09:17,1,4/11/21,1,Wilson,sunny,i,7,7,2,4,1,4,3,4,4,7,4,7,1,4,7,2,8,6,5,8,36-55,Female,,No,No,Less than once a year,,
,2021-04-11 13:09:31,2021-04-11 13:13:02,1,4/11/21,1,Wilson,sunny,1,6,6,3,7,4,4,4,5,5,6,4,3,4,3,3,7,9,9,9,8,18-35,Male,,No,No,Less than once a year,,
,2021-04-11 13:16:49,2021-04-11 13:20:55,1,4/11/21,1,Wilson,sunny,i,4,4,5,5,5,5,6,7,2,6,5,1,1,7,2,1,2,10,1,5,36-55,Male,,Yes,Yes,More than once a year,,
,2021-04-11 13:20:55,2021-04-11 13:25:00,1,4/11/21,1,Wilson,sunny,i,6,6,4,3,4,6,5,5,2,4,3,3,5,4,2,5,7,8,8,6,18-35,Female,,Yes,Yes,More than once a year,,
,2021-04-11 13:26:57,2021-04-11 13:31:38,1,4/11/21,1,Wilson,sunny,1,6,6,6,5,5,4,5,5,6,6,6,6,6,6,6,9,9,9,9,9,36-55,Male,,No,No,Approximately once a year,,
,2021-04-11 13:31:58,2021-04-11 13:35:38,1,4/11/21,1,Wilson,sunny,i,6,7,4,7,4,4,6,6,5,7,6,6,5,6,5,6,7,8,6,8,18-35,Female,,Yes,No,More than once a year,,
,2021-04-11 13:35:38,2021-04-11 13:37:28,1,4/11/21,1,Wilson,sunny,i,7,6,5,5,5,4,4,4,4,7,7,7,7,7,7,6,8,7,10,7,18-35,Male,,Yes,Yes,More than once a year,,
,2021-04-11 13:38:25,2021-04-11 13:41:51,1,4/11/21,1,Wilson,sunny,i,7,7,5,4,5,3,7,7,7,7,7,7,7,7,7,10,10,10,7,10,36-55,Female,,No,No,Approximately once a year,,
,2021-04-11 13:42:53,2021-04-11 13:47:46,1,4/11/21,1,Wilson,sunny,i,6,5,5,4,4,4,6,5,7,4,2,2,3,3,3,2,4,2,1,10,18-35,Male,,Yes,No,Approximately once a year,,
,2021-04-12 12:09:05,2021-04-12 12:12:14,1,4/12/21,12,Wilson,sunny,i,7,7,6,6,5,5,6,7,6,7,6,3,4,4,5,6,8,7,4,5,36-55,Female,,Yes,Yes,Approximately once a year,,
,2021-04-12 12:59:07,2021-04-12 13:11:00,1,4/12/21,12,Wilson,sunny,i,6,4,4,4,5,6,7,6,5,6,6,6,5,7,7,8,9,9,7,8,18-35,Female,,Yes,No,More than once a year,,
,2021-04-12 13:11:00,2021-04-12 13:16:35,1,4/12/21,1,Wilson,sunny,1,7,6,6,7,7,7,7,5,7,7,7,7,6,7,7,8,10,10,8,6,76 or older,Male,,Yes,No,Approximately once a year,,
,2021-04-12 13:18:40,2021-04-12 13:29:56,1,4/12/21,1,Wilson,sunny,i,5,5,6,6,4,4,6,7,5,6,6,6,6,6,6,2,4,5,4,3,18-35,Female,,No,Yes,More than once a year,,
,2021-04-12 13:30:35,2021-04-12 13:33:16,1,4/12/21,1,Wilson,sunny,i,7,7,4,7,6,5,7,7,7,7,7,7,7,7,7,7,10,10,5,5,36-55,Male,,Yes,No,Less than once a year,,
,2021-04-12 13:33:57,2021-04-12 13:43:13,1,4/12/21,1,Wilson,sunny,i,5,5,6,7,4,3,6,6,7,6,6,7,7,6,6,8,7,8,7,7,18-35,Male,,No,No,Approximately once a year,,
,2021-04-12 13:43:13,2021-04-12 13:48:03,1,4/12/21,1,Wilson,sunny,i,6,6,4,5,5,4,6,5,5,6,6,5,5,5,5,7,9,9,7,9,36-55,Male,,No,No,Approximately once a year,,
,2021-04-12 13:48:03,2021-04-12 13:52:30,1,4/12/21,1,Wilson,sunny,i,5,5,3,5,5,4,4,5,6,6,7,4,4,5,6,5,8,8,7,7,36-55,Male,,No,No,Less than once a year,,
,2021-04-12 13:53:00,2021-04-12 13:56:32,1,4/12/21,1,Wilson,sunny,i,7,7,4,7,7,4,4,4,4,7,7,7,4,4,4,7,10,9,10,10,18-35,Female,,Yes,No,Approximately once a year,,
,2021-04-12 13:56:32,2021-04-12 14:00:14,1,4/12/21,1,Wilson,sunny,1,4,1,1,1,1,1,6,1,7,7,7,7,7,7,7,10,10,10,10,10,36-55,Male,,No,No,Less than once a year,,
,2021-04-12 14:01:20,2021-04-12 14:07:40,1,4/12/21,2,Wilson,sunny,i,6,7,4,5,5,4,6,5,5,5,6,6,6,6,6,6,7,7,10,8,18-35,Female,,No,No,Less than once a year,,
,2021-04-12 14:11:55,2021-04-12 14:17:18,1,4/12/21,2,Wilson,sunny,i,7,7,7,7,6,7,7,5,7,7,7,7,7,7,7,8,9,10,8,7,18-35,Female,,Yes,No,More than once a year,,
,2021-04-12 14:29:07,2021-04-12 14:31:35,1,4/12/21,2,Wilson,sunny,i,5,7,4,7,5,4,5,5,5,5,5,5,6,7,6,5,8,8,8,6,18-35,Female,,No,No,Less than once a year,,
,2021-04-12 14:31:59,2021-04-12 14:36:01,1,4/12/21,2,Wilson,sunny,1,7,6,5,5,6,6,5,5,6,7,7,7,5,5,5,9,9,10,7,10,18-35,Male,,Yes,No,Approximately once a year,,
,2021-04-12 14:37:03,2021-04-12 14:48:01,1,4/12/21,2,Wilson,sunny,i,5,5,5,5,5,4,6,5,4,5,5,4,3,3,3,4,4,5,5,4,36-55,Male,,No,No,Approximately once a year,,
,2021-04-13 12:38:20,2021-04-13 12:43:41,1,4/13/21,12,Tory,sunny,i,7,7,7,7,5,7,7,7,7,7,7,4,4,4,4,7,10,10,7,10,36-55,Male,,No,No,Less than once a year,,
,2021-04-13 12:49:19,2021-04-13 12:53:35,1,4/13/21,12,Tory,sunny,i,7,7,3,3,5,3,4,4,7,7,7,7,6,7,7,8,10,10,6,8,18-35,Female,,Yes,No,Less than once a year,,
,2021-04-13 13:23:16,2021-04-13 13:39:38,1,4/13/21,1,Tory,sunny,1,7,7,5,6,6,7,5,5,5,6,6,7,5,4,6,8,8,8,8,6,56-75,Female,,Yes,No,Approximately once a year,,
,2021-04-13 13:42:49,2021-04-13 13:46:08,1,4/13/21,1,Tory,sunny,i,7,4,4,4,4,4,6,5,4,5,4,6,4,4,5,7,9,8,7,6,18-35,Female,,Yes,No,Approximately once a year,,
,2021-04-13 13:46:43,2021-04-13 13:50:42,1,4/13/21,1,Tory,sunny,i,5,7,6,4,6,4,6,5,6,7,7,4,4,6,5,5,9,10,1,9,Under 18,Female,,No,Yes,Approximately once a year,,
,2021-04-13 13:51:05,2021-04-13 13:55:14,1,4/13/21,1,Tory,sunny,i,5,4,4,6,4,3,6,7,5,5,4,4,4,5,4,3,4,3,1,3,36-55,Male,,No,No,More than once a year,,
,2021-04-13 14:03:40,2021-04-13 14:07:51,1,4/13/21,2,Tory,sunny,i,5,4,3,3,4,4,5,5,7,7,7,7,7,4,7,10,10,10,8,7,36-55,Male,,Yes,No,Less than once a year,,
,2021-04-16 12:53:23,2021-04-16 13:05:03,1,4/16/21,12,Wilson,sunny,i,7,7,4,5,4,4,5,7,4,7,7,7,4,3,3,6,7,6,5,5,18-35,Female,,Yes,No,Less than once a year,,
,2021-04-16 13:05:03,2021-04-16 13:10:31,1,4/16/21,1,Wilson,sunny,i,5,5,4,4,5,5,4,5,7,7,6,6,4,6,6,7,8,8,5,5,36-55,Male,,No,Yes,More than once a year,,
,2021-04-16 13:10:31,2021-04-16 13:14:30,1,4/16/21,1,Wilson,sunny,i,7,7,6,5,5,5,7,7,7,7,7,6,7,7,6,7,9,9,8,10,18-35,Male,,Yes,No,Approximately once a year,,
,2021-04-16 13:15:36,2021-04-16 13:26:14,1,4/16/21,1,Wilson,sunny,1,5,7,5,7,7,7,7,7,5,7,5,2,5,3,3,2,9,10,4,5,56-75,Male,,Yes,Yes,Approximately once a year,,
,2021-04-16 13:27:31,2021-04-16 13:31:16,1,4/16/21,1,Wilson,sunny,i,7,7,4,5,4,4,5,4,5,7,7,6,5,5,4,6,10,10,4,6,36-55,Female,,No,No,Less than once a year,,
,2021-04-16 13:31:50,2021-04-16 13:36:27,1,4/16/21,1,Wilson,sunny,i,5,3,2,4,2,1,5,5,5,7,7,5,2,2,2,9,9,9,10,7,36-55,Male,,No,No,Less than once a year,,
,2021-04-16 13:36:27,2021-04-16 13:38:53,1,4/16/21,1,Wilson,sunny,i,7,7,5,7,7,5,7,7,7,7,7,5,6,7,7,10,10,10,10,10,36-55,Female,,Yes,No,Approximately once a year,,
,2021-04-16 13:42:35,2021-04-16 13:50:11,1,4/16/21,1,Wilson,sunny,i,4,4,4,4,1,1,7,7,7,7,7,7,4,4,4,10,10,10,10,10,36-55,Male,,Yes,Yes,More than once a year,,
,2021-04-16 13:50:11,2021-04-16 13:56:25,1,4/16/21,1,Wilson,sunny,1,4,4,3,5,4,4,4,4,5,5,5,5,5,5,5,7,7,8,5,6,18-35,Male,,No,No,Approximately once a year,,
,2021-04-16 13:58:10,2021-04-16 14:05:15,1,4/16/21,1,Wilson,sunny,i,4,5,6,7,4,5,7,7,7,7,7,7,4,5,5,8,8,9,8,8,18-35,Male,,No,No,Less than once a year,,
,2021-04-16 14:10:01,2021-04-16 14:14:01,1,4/16/21,2,Wilson,sunny,i,6,7,5,4,5,4,6,7,5,7,7,4,3,4,6,7,9,7,1,10,36-55,Female,,Yes,Yes,More than once a year,,
,2021-04-16 14:15:04,2021-04-16 14:18:14,1,4/16/21,2,Wilson,sunny,i,7,7,4,7,4,3,7,7,5,7,7,7,4,4,4,9,10,10,7,7,36-55,Female,,Yes,No,Approximately once a year,,
,2021-04-16 14:19:08,2021-04-16 14:23:08,1,4/16/21,2,Wilson,sunny,i,5,4,3,4,4,4,4,4,5,5,5,5,5,5,6,6,10,10,5,6,36-55,Female,,No,No,Approximately once a year,,
,2021-04-16 14:25:08,2021-04-16 14:30:30,1,4/16/21,2,Wilson,sunny,i,5,5,5,5,5,4,5,3,4,4,4,4,3,5,5,8,10,7,7,5,18-35,Male,,No,Yes,More than once a year,,
,2021-04-16 14:30:30,2021-04-16 14:35:45,1,4/16/21,2,Wilson,sunny,i,4,6,4,3,4,3,5,4,4,5,5,4,4,4,4,6,7,6,6,5,18-35,Male,,Yes,Yes,Approximately once a year,,
,2021-04-16 14:39:07,2021-04-16 14:42:18,1,4/16/21,2,Wilson,sunny,i,7,6,6,7,7,6,7,7,5,6,6,6,6,6,6,10,10,10,10,10,56-75,Male,,Yes,Yes,More than once a year,,
,2021-04-16 14:43:17,2021-04-16 14:47:11,1,4/16/21,2,Wilson,sunny,i,7,7,4,4,7,6,6,4,7,7,7,6,7,7,7,5,10,7,6,5,56-75,Female,,Yes,No,Less than once a year,,
,2021-04-16 14:50:38,2021-04-16 14:53:53,1,4/16/21,2,Wilson,sunny,i,5,7,4,7,4,2,7,7,7,7,7,7,5,5,5,9,10,10,7,7,36-55,Male,,No,No,More than once a year,,
,2021-04-17 14:05:18,2021-04-17 14:09:12,1,4/17/21,2,Tesla,sunny,i,5,6,6,6,4,4,6,6,6,7,6,6,5,4,5,8,8,10,1,7,56-75,Male,,No,No,More than once a year,,
,2021-04-17 14:22:30,2021-04-17 14:25:42,1,4/17/21,2,Tesla,sunny,i,6,5,6,6,6,7,7,4,6,7,6,3,2,5,4,7,10,10,4,8,56-75,Female,,Yes,No,Less than once a year,,
,2021-04-17 14:27:10,2021-04-17 14:29:23,1,4/17/21,2,Tesla,sunny,i,7,7,4,4,4,5,6,4,6,7,7,7,7,7,7,10,7,5,1,10,18-35,Female,,Yes,No,Less than once a year,,
,2021-04-17 14:38:45,2021-04-17 14:40:22,1,4/17/21,2,Tesla,sunny,i,7,7,6,6,7,7,7,7,7,7,7,7,7,7,7,8,8,8,5,6,18-35,Female,,No,No,Approximately once a year,,
,2021-04-17 14:47:14,2021-04-17 14:48:54,1,4/17/21,2,Tesla,sunny,i,7,6,5,5,6,5,7,5,5,7,6,5,4,6,6,7,9,9,7,7,18-35,Female,,Yes,Yes,More than once a year,,
,2021-04-17 14:50:27,2021-04-17 14:52:49,1,4/17/21,2,Tesla,sunny,i,7,5,5,5,6,6,7,7,6,7,7,7,6,5,5,9,9,8,10,7,36-55,Female,,No,No,Approximately once a year,,
,2021-04-17 14:54:35,2021-04-17 14:57:17,1,4/17/21,2,Tesla,sunny,i,5,6,5,7,4,3,5,5,6,6,5,5,6,5,4,7,8,8,6,6,36-55,Male,,Yes,No,More than once a year,,
,2021-04-17 15:05:41,2021-04-17 15:08:30,1,4/17/21,3,Tesla,sunny,i,4,5,1,2,2,1,3,5,5,5,5,2,5,5,3,5,6,6,5,4,36-55,Female,,Yes,Yes,More than once a year,,
,2021-04-17 15:17:16,2021-04-17 15:20:39,1,4/17/21,3,Tesla,sunny,i,6,5,4,3,4,2,5,5,5,6,4,5,4,4,4,8,10,10,8,8,36-55,Male,,Yes,No,Approximately once a year,,
,2021-04-17 15:34:34,2021-04-17 15:36:51,1,4/17/21,3,Tesla,sunny,i,6,4,1,4,4,4,4,6,6,6,6,5,2,5,5,9,8,8,7,9,18-35,Male,,No,No,Less than once a year,,
,2021-04-17 15:42:17,2021-04-17 15:45:25,1,4/17/21,3,Tesla,sunny,i,7,6,5,7,6,4,4,5,4,7,5,3,2,2,4,3,8,8,1,4,18-35,Female,,Yes,No,Approximately once a year,,
,2021-04-18 14:08:13,2021-04-18 14:11:17,1,4/18/21,2,Wilson,sunny,i,7,7,6,5,7,6,7,7,6,7,7,6,4,5,6,5,7,8,4,8,18-35,Female,,No,No,Less than once a year,,
,2021-04-18 14:12:03,2021-04-18 14:19:21,1,4/18/21,2,Wilson,sunny,i,7,7,7,7,7,7,7,7,7,7,7,7,7,7,7,10,10,10,1,10,18-35,Male,,Yes,Yes,More than once a year,,
,2021-04-18 14:19:28,2021-04-18 14:28:59,1,4/18/21,2,Wilson,sunny,i,4,4,4,5,5,4,4,6,6,6,5,6,5,5,7,10,9,8,8,9,18-35,Female,,Yes,No,More than once a year,,
,2021-04-18 14:28:59,2021-04-18 14:31:37,1,4/18/21,2,Wilson,sunny,i,6,4,4,4,5,3,6,4,7,7,7,4,4,5,6,5,8,10,4,10,18-35,Female,,Yes,No,Approximately once a year,,
,2021-04-18 14:37:08,2021-04-18 14:49:20,1,4/18/21,2,Wilson,sunny,i,4,4,5,4,6,2,7,1,5,5,3,5,2,4,4,8,9,8,8,8,Under 18,Male,,Yes,No,Less than once a year,,
,2021-04-18 14:49:20,2021-04-18 14:52:54,1,4/18/21,2,Wilson,sunny,1,6,3,6,6,7,5,4,7,7,7,7,7,6,6,6,7,9,10,10,6,18-35,Male,,Yes,Yes,More than once a year,,
,2021-04-18 14:53:46,2021-04-18 14:59:51,1,4/18/21,2,Wilson,sunny,i,7,7,4,5,6,1,4,7,7,7,7,7,5,7,7,10,10,10,10,9,18-35,Female,,No,No,Less than once a year,,
,2021-04-18 15:00:17,2021-04-18 15:05:42,1,4/18/21,3,Wilson,sunny,i,5,5,2,2,4,2,6,7,5,5,5,5,5,6,6,6,9,8,10,8,36-55,Male,,Yes,No,More than once a year,,
,2021-04-18 15:06:48,2021-04-18 15:18:24,1,4/18/21,3,Wilson,sunny,i,7,7,4,4,6,4,7,7,6,6,6,6,6,6,6,5,10,10,5,5,36-55,Female,,Yes,No,More than once a year,,
,2021-04-18 15:19:13,2021-04-18 15:22:50,1,4/18/21,3,Wilson,sunny,i,7,7,5,7,5,4,7,5,7,7,7,6,5,5,5,10,10,9,6,6,36-55,Male,,Yes,Yes,More than once a year,,
,2021-04-18 15:23:27,2021-04-18 15:29:25,1,4/18/21,3,Wilson,sunny,1,7,7,6,6,6,6,5,5,5,7,7,5,6,6,6,9,9,8,8,8,36-55,Male,,Yes,Yes,More than once a year,,
,2021-04-18 15:30:46,2021-04-18 15:46:53,1,4/18/21,3,Wilson,sunny,i,4,4,5,5,5,2,5,4,6,6,6,5,5,4,4,8,10,10,7,6,18-35,Male,,No,No,Approximately once a year,,
,2021-06-09 16:22:35,2021-06-09 16:29:48,2,6/9/21,4,"Colby, Wilson",sunny,i,6,7,4,7,5,3,5,7,5,5,5,3,3,6,6,4,9,7,1,4,18-35,Male,,No,No,Less than once a year,,
,2021-06-09 16:31:19,2021-06-09 16:40:09,2,6/9/21,4,"Colby, Wilson",sunny,i,7,7,5,7,7,5,7,7,7,7,7,7,7,7,7,10,10,10,8,10,18-35,Male,,Yes,Yes,More than once a year,,
,2021-06-09 16:40:09,2021-06-09 16:43:20,2,6/9/21,4,"Colby, Wilson",sunny,i,5,4,6,6,6,2,6,5,6,7,7,6,6,6,7,7,6,8,6,7,18-35,Male,,Yes,No,Approximately once a year,,
,2021-06-09 16:43:20,2021-06-09 16:51:41,2,6/9/21,4,"Colby, Wilson",sunny,i,7,6,4,5,6,6,4,6,7,7,7,7,6,5,5,7,10,10,7,10,36-55,Male,,Yes,Yes,More than once a year,,
,2021-06-10 16:08:24,2021-06-10 16:20:02,2,6/10/21,4,"Chloe, Wilson",sunny,i,5,4,2,2,1,1,4,5,1,5,4,4,1,4,5,6,8,8,10,10,Under 18,Male,,Yes,No,Less than once a year,,
,2021-06-10 16:20:02,2021-06-10 16:24:34,2,6/10/21,4,"Chloe, Wilson",sunny,i,7,7,4,4,7,4,7,7,7,7,7,4,6,6,4,6,6,6,1,10,18-35,Non-binary,,Yes,Yes,More than once a year,,
,2021-06-10 16:27:39,2021-06-10 16:29:59,2,6/10/21,4,"Chloe, Wilson",sunny,i,7,7,4,6,7,5,7,7,5,5,5,4,3,5,5,7,10,10,10,10,18-35,Male,,Yes,No,Approximately once a year,,
,2021-06-10 16:29:59,2021-06-10 16:35:16,2,6/10/21,4,"Chloe, Wilson",sunny,i,7,3,5,7,5,2,6,5,6,5,5,5,5,6,5,10,10,7,10,7,18-35,Prefer not to answer,,No,No,More than once a year,,
,2021-06-10 16:35:16,2021-06-10 16:39:36,2,6/10/21,4,"Chloe, Wilson",sunny,i,7,4,4,4,3,1,4,3,4,5,4,5,2,5,4,3,6,7,2,6,18-35,Male,,No,No,Less than once a year,,
,2021-06-19 13:07:27,2021-06-19 13:13:58,2,6/19/21,1,Chloe,sunny,i,7,6,6,7,6,6,7,5,4,7,7,7,4,6,5,9,10,10,10,9,36-55,Male,,No,No,Approximately once a year,,
,2021-06-19 13:13:58,2021-06-19 13:19:58,2,6/19/21,1,Chloe,sunny,1,7,7,7,7,7,7,7,7,7,7,7,7,7,7,7,6,10,10,7,8,56-75,Female,,Yes,No,More than once a year,,
,2021-06-19 13:25:27,2021-06-19 13:28:30,2,6/19/21,1,Chloe,sunny,i,7,7,4,7,7,7,5,7,7,7,7,7,4,7,7,10,10,10,8,10,18-35,Female,,No,No,Less than once a year,,
,2021-06-19 13:28:30,2021-06-19 13:33:40,2,6/19/21,1,Chloe,sunny,i,7,4,7,7,4,4,4,7,7,7,7,1,1,1,4,10,10,10,10,10,56-75,Male,,No,No,Less than once a year,,
,2021-06-19 13:38:14,2021-06-19 13:40:35,2,6/19/21,1,Chloe,sunny,i,7,4,5,7,6,4,5,6,5,6,7,5,5,6,5,10,7,7,1,6,18-35,Female,,Yes,No,Less than once a year,,
,2021-06-19 13:40:35,2021-06-19 13:47:29,2,6/19/21,1,Chloe,sunny,i,7,6,5,6,6,6,7,5,6,7,4,4,5,4,6,8,7,7,6,7,36-55,Male,,Yes,Yes,More than once a year,,
,2021-06-19 13:47:29,2021-06-19 13:57:41,2,6/19/21,1,Chloe,sunny,i,4,4,4,4,4,4,4,4,7,7,5,4,6,5,4,7,10,10,5,7,18-35,Female,,Yes,Yes,More than once a year,,
,2021-06-19 13:57:41,2021-06-19 14:00:43,2,6/19/21,1,Chloe,sunny,i,7,7,4,4,6,4,4,6,6,7,7,7,7,4,4,9,10,10,10,8,18-35,Male,,No,No,More than once a year,,
,2021-06-19 14:02:26,2021-06-19 14:06:23,2,6/19/21,2,Chloe,sunny,i,7,7,7,7,7,7,7,7,4,6,6,4,3,5,4,10,10,10,5,7,18-35,Male,,Yes,No,Less than once a year,,
,2021-06-19 14:15:31,2021-06-19 14:22:51,2,6/19/21,2,Chloe,sunny,i,7,7,5,7,5,4,7,7,7,7,7,4,7,7,5,5,6,8,5,8,18-35,Female,,Yes,No,Less than once a year,,
,2021-06-19 14:26:53,2021-06-19 14:31:30,2,6/19/21,2,Chloe,sunny,i,6,6,6,7,5,6,7,6,6,7,7,4,5,5,7,8,8,10,8,8,36-55,Male,,No,No,Less than once a year,,
,2021-06-19 14:35:08,2021-06-19 14:45:58,2,6/19/21,2,Chloe,sunny,i,6,7,4,7,7,4,6,7,4,7,6,4,4,7,6,9,8,7,7,10,36-55,Female,,Yes,No,Less than once a year,,
,2021-06-19 14:49:48,2021-06-19 14:55:00,2,6/19/21,2,Chloe,sunny,i,7,6,7,5,7,6,7,5,6,7,7,7,5,5,6,7,9,8,6,10,18-35,Female,,Yes,No,More than once a year,,
unspecified verbal,2021-06-21 12:27:43,2021-06-21 12:39:03,2,6/21/21,12,Colby,sunny,i,7,7,7,7,4,3,7,6,7,7,7,7,6,7,5,10,10,10,6,9,18-35,Non-binary,,No,No,Less than once a year,,
unspecified verbal,2021-06-21 12:39:03,2021-06-21 12:46:59,2,6/21/21,12,Colby,sunny,i,7,7,7,7,7,7,7,5,7,7,7,7,7,7,4,10,10,10,8,10,18-35,Female,,Yes,No,More than once a year,,
unspecified verbal,2021-06-21 12:46:59,2021-06-21 12:56:45,2,6/21/21,12,Colby,sunny,i,7,6,4,4,4,3,5,4,6,7,6,4,5,7,1,7,10,10,10,10,18-35,Female,,No,No,Less than once a year,,
unspecified verbal,2021-06-21 12:57:00,2021-06-21 13:02:27,2,6/21/21,12,Colby,sunny,i,7,7,5,7,5,4,4,7,7,7,7,7,7,7,7,5,5,10,7,10,18-35,Female,,Yes,Yes,More than once a year,,
unspecified verbal,2021-06-21 13:02:27,2021-06-21 13:11:54,2,6/21/21,1,Colby,sunny,i,5,4,3,1,1,1,1,2,4,1,4,1,4,1,1,5,5,5,6,7,36-55,Prefer not to answer,,Yes,No,Less than once a year,,
unspecified verbal,2021-06-21 13:12:11,2021-06-21 13:22:51,2,6/21/21,1,Colby,sunny,i,7,5,7,7,7,3,7,7,7,7,7,7,7,7,7,10,10,10,8,8,76 or older,Female,,Yes,No,Approximately once a year,,
unspecified verbal,2021-06-21 13:22:51,2021-06-21 13:27:51,2,6/21/21,1,Colby,sunny,i,7,7,7,7,4,4,5,6,7,7,7,7,5,7,5,9,10,10,5,9,36-55,Male,,Yes,No,Less than once a year,,
unspecified verbal,2021-06-21 13:28:17,2021-06-21 13:31:19,2,6/21/21,1,Colby,sunny,i,6,4,3,3,6,2,5,6,7,7,7,7,7,7,7,9,10,10,6,5,18-35,Female,,No,No,Less than once a year,,
unspecified verbal,2021-06-21 13:49:23,2021-06-21 13:57:06,2,6/21/21,1,Colby,sunny,i,1,5,7,7,7,7,6,7,4,5,4,4,7,7,7,4,7,8,5,2,18-35,Male,,No,No,Less than once a year,,
unspecified verbal,2021-06-21 13:57:06,2021-06-21 13:59:58,2,6/21/21,1,Colby,sunny,i,7,4,4,5,3,2,4,3,7,7,7,7,5,5,5,7,10,10,7,7,18-35,Female,,No,No,More than once a year,,
unspecified verbal,2021-06-21 14:00:57,2021-06-21 14:06:10,2,6/21/21,2,Colby,sunny,i,7,6,4,5,6,5,5,5,7,7,7,7,7,7,7,10,10,10,10,10,Under 18,Female,,Yes,No,More than once a year,,
,2021-06-22 12:13:36,2021-06-22 12:18:21,2,6/22/21,12,"Holly, Wilson",partly cloudy,i,7,7,4,4,6,5,6,7,7,7,7,7,6,5,4,7,7,9,3,6,56-75,Male,,Yes,No,Less than once a year,,
,2021-06-22 12:18:49,2021-06-22 12:28:57,2,6/22/21,12,"Holly, Wilson",partly cloudy,1,7,7,7,7,7,7,7,6,7,7,7,6,6,7,7,7,10,10,6,10,56-75,Female,,Yes,Yes,More than once a year,,
,2021-06-22 12:28:58,2021-06-22 12:36:06,2,6/22/21,12,"Holly, Wilson",partly cloudy,i,7,6,4,4,4,3,5,6,6,7,6,6,5,7,7,7,9,8,9,10,56-75,Female,,No,No,Less than once a year,,
,2021-06-22 12:36:06,2021-06-22 12:41:58,2,6/22/21,12,"Holly, Wilson",partly cloudy,i,7,7,6,6,6,7,6,6,6,7,7,7,5,6,6,8,10,9,7,10,18-35,Female,,No,No,Approximately once a year,,
,2021-06-22 12:41:58,2021-06-22 12:48:11,2,6/22/21,12,"Holly, Wilson",partly cloudy,i,5,4,4,6,4,2,6,4,6,6,6,5,5,5,7,9,9,9,10,9,36-55,Female,,Yes,Yes,More than once a year,,
,2021-06-22 12:48:29,2021-06-22 12:56:10,2,6/22/21,12,"Holly, Wilson",partly cloudy,i,4,4,4,4,4,4,4,4,4,4,4,4,4,4,4,10,7,8,10,10,18-35,Female,,Yes,No,Less than once a year,,
,2021-06-22 12:56:10,2021-06-22 13:07:40,2,6/22/21,12,"Holly, Wilson",partly cloudy,i,7,4,5,7,6,4,7,6,6,7,7,6,6,7,4,7,10,10,10,10,18-35,Female,,Yes,No,More than once a year,,
,2021-06-22 13:07:40,2021-06-22 13:11:54,2,6/22/21,1,"Holly, Wilson",partly cloudy,i,7,7,7,6,7,3,6,6,7,7,7,7,7,7,7,8,10,10,5,5,18-35,Female,,No,No,Approximately once a year,,
,2021-06-22 13:11:54,2021-06-22 13:15:17,2,6/22/21,1,"Holly, Wilson",partly cloudy,i,7,7,7,7,7,7,7,7,7,7,7,7,7,7,7,10,10,10,5,10,18-35,Male,,Yes,Yes,More than once a year,,
,2021-06-22 13:15:17,2021-06-22 13:28:54,2,6/22/21,1,"Holly, Wilson",partly cloudy,i,6,4,4,6,5,3,7,7,4,7,7,4,4,4,4,10,10,10,7,6,36-55,Female,,Yes,Yes,More than once a year,,
,2021-06-22 13:28:54,2021-06-22 13:32:58,2,6/22/21,1,"Holly, Wilson",partly cloudy,i,5,4,4,5,6,6,6,4,5,5,5,5,4,4,4,7,7,8,8,8,36-55,Male,,No,No,More than once a year,,
,2021-06-22 13:36:20,2021-06-22 13:44:54,2,6/22/21,1,"Holly, Wilson",partly cloudy,i,5,6,4,5,5,5,7,6,3,6,4,7,6,7,7,10,10,10,7,8,36-55,Female,,No,No,Approximately once a year,,
,2021-06-22 13:44:54,2021-06-22 13:48:04,2,6/22/21,1,"Holly, Wilson",partly cloudy,i,7,7,1,5,4,4,7,7,7,7,7,7,4,7,7,9,9,10,7,10,18-35,Female,,Yes,Yes,More than once a year,,
,2021-06-22 13:48:40,2021-06-22 13:55:10,2,6/22/21,1,"Holly, Wilson",partly cloudy,i,7,7,5,7,5,4,7,4,6,7,7,6,7,7,5,7,8,8,7,7,18-35,Female,,Yes,No,Less than once a year,,
,2021-06-22 13:55:42,2021-06-22 14:01:08,2,6/22/21,1,"Holly, Wilson",partly cloudy,i,7,4,3,4,3,2,4,4,7,4,3,6,4,4,4,10,10,10,5,6,18-35,Female,,Yes,Yes,More than once a year,,
,2021-06-23 12:53:02,2021-06-23 12:58:30,2,6/23/21,12,Colby,sunny,i,7,5,6,5,4,3,5,5,4,5,4,5,5,4,4,6,7,6,1,5,36-55,Male,,Yes,No,Approximately once a year,,
,2021-06-23 12:58:30,2021-06-23 13:03:59,2,6/23/21,12,Colby,sunny,i,7,7,6,7,7,7,7,7,7,7,7,7,7,7,7,10,10,10,9,10,Under 18,Male,,Yes,No,Less than once a year,,
,2021-06-23 13:12:01,2021-06-23 13:15:24,2,6/23/21,1,Colby,sunny,i,7,6,6,7,7,6,7,5,6,7,6,5,5,5,5,9,9,9,9,10,36-55,Female,,Yes,No,More than once a year,,
,2021-06-23 13:15:38,2021-06-23 13:18:43,2,6/23/21,1,Colby,sunny,i,7,7,4,7,7,4,7,7,7,7,7,7,7,7,7,10,10,10,10,10,18-35,Male,,Yes,No,Less than once a year,,
,2021-06-23 13:18:49,2021-06-23 13:21:49,2,6/23/21,1,Colby,sunny,i,6,4,4,6,5,4,6,5,5,7,5,6,4,6,5,8,10,10,10,10,56-75,Male,,Yes,No,Approximately once a year,,
,2021-06-23 13:22:23,2021-06-23 13:29:09,2,6/23/21,1,Colby,sunny,i,7,6,5,7,7,6,5,6,7,7,7,7,7,6,6,10,10,10,7,7,56-75,Female,,Yes,Yes,Approximately once a year,,
,2021-06-23 13:29:27,2021-06-23 13:31:58,2,6/23/21,1,Colby,sunny,i,7,7,7,7,4,3,5,7,7,7,7,7,7,7,7,10,10,10,10,10,18-35,Female,,No,No,Less than once a year,,
,2021-06-23 13:32:41,2021-06-23 13:36:02,2,6/23/21,1,Colby,sunny,i,7,4,3,4,3,1,7,6,4,7,4,4,1,5,7,8,8,10,9,10,36-55,Male,,Yes,Yes,More than once a year,,
,2021-06-23 13:39:25,2021-06-23 13:45:14,2,6/23/21,1,Colby,sunny,i,7,7,4,5,7,4,5,7,4,7,4,4,6,7,4,7,10,10,7,7,36-55,Female,,Yes,Yes,More than once a year,,
,2021-06-23 13:45:58,2021-06-23 13:48:48,2,6/23/21,1,Colby,sunny,i,6,7,7,7,7,6,6,7,7,7,7,7,7,7,7,10,10,10,5,10,18-35,Male,,No,No,Less than once a year,,
,2021-06-23 13:48:54,2021-06-23 13:54:22,2,6/23/21,1,Colby,sunny,i,5,4,6,5,5,3,6,6,3,5,5,4,2,3,3,6,9,8,5,7,36-55,Male,,Yes,No,Approximately once a year,,
,2021-06-23 14:09:21,2021-06-23 14:11:52,2,6/23/21,2,Colby,sunny,i,5,4,4,7,7,3,7,7,6,5,5,5,4,4,6,5,10,10,10,10,56-75,Female,,Yes,Yes,More than once a year,,
,2021-06-23 14:13:43,2021-06-23 14:15:32,2,6/23/21,2,Colby,sunny,i,7,5,4,5,7,5,4,3,7,5,7,5,4,4,5,6,9,7,3,6,18-35,Male,,Yes,No,Approximately once a year,,
,2021-06-23 14:18:22,2021-06-23 14:24:45,2,6/23/21,2,Colby,sunny,i,7,7,6,7,6,4,6,5,6,7,7,7,6,7,6,8,10,10,6,10,36-55,Female,,Yes,Yes,More than once a year,,
,2021-06-24 10:03:33,2021-06-24 10:14:21,2,6/24/21,10,Holly,cloudy,i,7,7,7,7,7,4,4,5,4,7,7,4,4,7,7,8,10,10,10,10,18-35,Male,,No,No,Less than once a year,,
,2021-06-24 10:14:21,2021-06-24 10:26:16,2,6/24/21,10,Holly,cloudy,i,7,7,4,4,4,6,5,6,7,7,7,7,4,7,4,5,10,10,1,10,36-55,Female,,Yes,Yes,More than once a year,,
,2021-06-24 10:26:16,2021-06-24 10:30:22,2,6/24/21,10,Holly,cloudy,i,7,7,5,7,3,2,6,7,6,7,6,7,4,7,7,10,10,10,3,2,36-55,Female,,Yes,Yes,More than once a year,,
,2021-06-24 10:30:22,2021-06-24 10:32:53,2,6/24/21,10,Holly,cloudy,i,7,5,5,5,4,6,6,7,4,7,5,4,5,7,4,5,7,7,3,6,36-55,Female,,Yes,Yes,More than once a year,,
,2021-06-24 10:32:53,2021-06-24 10:35:57,2,6/24/21,10,Holly,cloudy,i,7,4,4,5,5,6,6,4,4,6,6,4,4,7,6,6,8,8,5,5,18-35,Female,,Yes,Yes,More than once a year,,
,2021-06-24 10:37:08,2021-06-24 10:41:13,2,6/24/21,10,Holly,cloudy,i,5,4,2,3,3,3,5,4,4,4,4,5,3,4,2,5,6,5,1,7,18-35,Female,,Yes,Yes,More than once a year,,
,2021-06-24 10:41:13,2021-06-24 10:45:28,2,6/24/21,10,Holly,cloudy,1,4,4,4,3,5,4,2,3,5,6,3,3,3,3,3,10,10,10,10,8,56-75,Female,,Yes,Yes,More than once a year,,
,2021-06-24 10:45:28,2021-06-24 10:48:24,2,6/24/21,10,Holly,cloudy,i,5,6,4,4,4,4,5,5,5,5,4,5,5,5,5,6,7,5,7,6,36-55,Female,,No,No,Less than once a year,,
,2021-06-24 10:48:37,2021-06-24 10:53:13,2,6/24/21,10,Holly,cloudy,i,5,5,1,3,2,1,2,6,3,5,5,6,3,2,3,10,10,8,10,10,18-35,Female,,Yes,Yes,More than once a year,,
,2021-06-24 10:54:02,2021-06-24 10:58:04,2,6/24/21,10,Holly,cloudy,i,7,7,4,3,1,2,4,5,7,7,7,7,2,7,7,5,10,10,4,5,18-35,Male,,No,No,Less than once a year,,
,2021-06-24 10:58:04,2021-06-24 11:09:38,2,6/24/21,10,Holly,cloudy,i,7,4,1,4,4,4,4,6,7,7,7,2,2,4,4,8,9,10,10,9,18-35,Female,,No,No,Less than once a year,,
,2021-06-24 11:09:38,2021-06-24 11:13:03,2,6/24/21,11,Holly,cloudy,i,7,6,7,7,7,4,6,4,6,7,7,1,6,7,7,4,5,8,1,10,18-35,Non-binary,,Yes,Yes,More than once a year,,
,2021-06-24 11:13:05,2021-06-24 11:17:33,2,6/24/21,11,Holly,cloudy,i,7,5,4,4,4,3,6,5,5,5,5,4,1,2,3,5,9,7,3,8,18-35,Male,,No,No,Approximately once a year,,
,2021-06-24 11:17:38,2021-06-24 11:23:20,2,6/24/21,11,Holly,cloudy,i,7,7,7,7,7,5,7,6,5,7,6,6,5,7,6,8,9,9,7,9,36-55,Male,,Yes,Yes,More than once a year,,
,2021-06-28 12:06:02,2021-06-28 12:19:51,2,6/28/21,12,Colby,sunny,i,5,5,4,4,4,2,5,5,4,6,4,4,2,1,1,8,10,10,7,10,36-55,Male,,Yes,Yes,More than once a year,,
,2021-06-28 12:19:51,2021-06-28 12:25:36,2,6/28/21,12,Colby,sunny,i,7,7,7,7,7,7,7,7,7,7,7,7,7,7,7,10,10,10,10,5,56-75,Male,,No,No,Less than once a year,,
,2021-06-28 12:27:16,2021-06-28 12:36:40,2,6/28/21,12,Colby,sunny,i,7,7,7,7,6,7,7,7,6,7,7,7,6,7,6,10,10,10,7,10,18-35,Female,,Yes,Yes,More than once a year,,
,2021-06-28 12:37:09,2021-06-28 12:40:38,2,6/28/21,12,Colby,sunny,i,6,5,4,5,4,4,6,7,5,6,7,3,5,4,5,6,7,8,3,7,18-35,Female,,Yes,No,Approximately once a year,,
,2021-06-28 12:41:03,2021-06-28 12:45:54,2,6/28/21,12,Colby,sunny,i,6,6,5,4,5,4,4,5,6,7,7,7,4,7,7,9,10,10,5,5,36-55,Female,,Yes,No,Approximately once a year,,
,2021-06-28 12:51:54,2021-06-28 12:54:58,2,6/28/21,12,Colby,sunny,i,6,7,4,4,5,2,4,7,7,7,7,7,7,7,7,8,9,7,6,8,18-35,Female,,No,No,Approximately once a year,,
,2021-06-28 12:55:35,2021-06-28 12:59:53,2,6/28/21,12,Colby,sunny,i,7,4,2,4,4,1,5,6,4,5,4,5,4,4,4,6,7,7,7,7,18-35,Male,,Yes,No,Less than once a year,,
,2021-06-28 13:01:19,2021-06-28 13:06:50,2,6/28/21,1,Colby,sunny,i,6,6,6,6,6,6,6,6,6,6,5,5,3,6,6,10,10,10,10,10,36-55,Female,,No,Yes,More than once a year,,
,2021-06-28 13:06:55,2021-06-28 13:14:36,2,6/28/21,1,Colby,sunny,i,6,5,7,7,6,5,7,4,7,7,7,4,3,3,1,6,9,10,5,5,56-75,Female,,No,No,Less than once a year,,
,2021-06-28 13:17:15,2021-06-28 13:25:29,2,6/28/21,1,Colby,sunny,i,7,5,6,5,4,4,6,7,6,7,7,7,5,7,6,9,10,10,8,10,18-35,Male,,Yes,No,Approximately once a year,,
,2021-06-29 12:02:04,2021-06-29 12:11:52,2,6/29/21,12,Holly,cloudy,1,7,7,4,5,7,6,3,5,7,7,7,7,7,7,7,5,10,10,10,10,56-75,Male,,No,No,Approximately once a year,,
,2021-06-29 12:20:38,2021-06-29 12:24:42,2,6/29/21,12,Holly,cloudy,i,7,7,7,7,7,7,7,7,7,7,7,7,7,7,7,10,10,10,10,10,36-55,Male,,Yes,Yes,More than once a year,,
,2021-06-29 12:24:42,2021-06-29 12:33:45,2,6/29/21,12,Holly,cloudy,i,7,7,7,7,7,7,7,4,3,3,4,3,3,3,3,5,8,10,4,10,56-75,Female,,Yes,Yes,More than once a year,,
,2021-06-29 12:33:45,2021-06-29 12:37:33,2,6/29/21,12,Holly,cloudy,i,7,7,6,6,7,6,6,4,7,7,7,7,4,7,7,7,7,10,5,10,18-35,Female,,Yes,Yes,More than once a year,,
,2021-06-29 12:45:23,2021-06-29 12:49:07,2,6/29/21,12,Holly,cloudy,i,7,7,5,7,7,7,7,7,7,7,7,6,5,7,4,10,10,10,7,10,36-55,Male,,Yes,Yes,More than once a year,,
,2021-06-29 12:55:28,2021-06-29 12:58:50,2,6/29/21,12,Holly,cloudy,i,5,4,4,5,5,5,7,6,7,7,7,7,6,7,7,6,10,8,10,10,18-35,Female,,Yes,No,Less than once a year,,
,2021-06-29 12:58:50,2021-06-29 13:04:13,2,6/29/21,12,Holly,cloudy,i,7,7,7,7,7,6,7,7,6,7,6,4,6,6,4,7,8,9,5,10,36-55,Female,,Yes,No,Less than once a year,,
,2021-06-29 13:04:50,2021-06-29 13:18:27,2,6/29/21,1,Holly,cloudy,i,7,6,5,7,5,5,6,6,7,7,6,7,6,4,1,7,10,7,4,10,36-55,Male,,Yes,Yes,More than once a year,,
,2021-06-29 13:30:39,2021-06-29 13:34:28,2,6/29/21,1,Holly,cloudy,i,7,4,7,6,6,4,4,6,7,7,7,7,4,5,6,9,10,10,6,7,36-55,Female,,Yes,No,Approximately once a year,,
,2021-06-29 13:34:28,2021-06-29 13:44:26,2,6/29/21,1,Holly,cloudy,i,7,7,7,7,7,7,7,7,7,7,7,7,7,7,7,10,10,10,10,10,18-35,Male,,Yes,Yes,More than once a year,,
,2021-06-30 12:34:26,2021-06-30 12:37:30,2,6/30/21,12,Colby,partly cloudy,i,7,6,7,6,7,7,6,5,5,5,4,2,4,5,4,4,6,5,4,6,Under 18,Male,,Yes,No,Less than once a year,,
,2021-06-30 12:40:22,2021-06-30 12:51:58,2,6/30/21,12,Colby,partly cloudy,i,7,7,7,7,4,4,7,7,7,7,7,7,7,7,7,8,10,10,7,10,36-55,Male,,Yes,No,Approximately once a year,,
,2021-06-30 12:52:23,2021-06-30 13:00:05,2,6/30/21,12,Colby,partly cloudy,i,5,4,5,4,5,4,6,7,5,6,6,5,4,4,4,6,6,7,4,4,18-35,Male,,Yes,No,Approximately once a year,,
,2021-06-30 13:03:32,2021-06-30 13:08:26,2,6/30/21,1,Colby,partly cloudy,i,7,7,4,6,6,5,7,5,5,5,6,6,6,6,7,9,10,10,8,10,18-35,Female,,Yes,Yes,More than once a year,,
,2021-06-30 13:08:53,2021-06-30 13:12:50,2,6/30/21,1,Colby,partly cloudy,i,5,7,6,6,6,3,5,7,5,5,5,5,5,4,4,9,9,10,9,8,36-55,Male,,No,No,Approximately once a year,,
,2021-06-30 13:16:49,2021-06-30 13:27:03,2,6/30/21,1,Colby,partly cloudy,i,7,6,4,7,4,4,7,4,5,7,7,6,5,7,7,8,10,8,8,10,36-55,Female,,Yes,No,Less than once a year,,
,2021-06-30 13:30:55,2021-06-30 13:32:42,2,6/30/21,1,Colby,partly cloudy,i,7,7,7,7,7,7,7,7,7,7,7,5,4,7,7,7,10,10,8,7,56-75,Female,,Yes,Yes,Approximately once a year,,
,2021-06-30 13:35:18,2021-06-30 13:40:29,2,6/30/21,1,Colby,partly cloudy,i,7,5,4,7,7,5,5,6,7,7,7,6,1,7,7,8,10,10,7,10,56-75,Female,,Yes,Yes,More than once a year,,
,2021-06-30 13:42:10,2021-06-30 13:46:31,2,6/30/21,1,Colby,partly cloudy,i,5,5,1,5,4,1,5,4,5,5,5,5,1,3,5,5,5,8,2,6,18-35,Female,,Yes,No,Less than once a year,,
,2021-06-30 13:53:53,2021-06-30 13:58:03,2,6/30/21,1,Colby,partly cloudy,i,7,7,5,6,4,3,5,6,7,7,7,7,7,7,7,10,9,9,5,5,18-35,Male,,Yes,No,Less than once a year,,
,2021-06-30 14:04:34,2021-06-30 14:05:43,2,6/30/21,2,Colby,partly cloudy,i,2,6,1,4,7,4,4,5,4,4,4,4,4,4,1,10,10,10,6,10,36-55,Female,,No,No,More than once a year,,
,2021-06-30 14:10:25,2021-06-30 14:13:51,2,6/30/21,2,Colby,partly cloudy,i,7,7,4,4,4,4,4,4,4,4,4,4,4,4,4,4,6,7,4,5,18-35,Male,,Yes,No,Less than once a year,,
,2021-07-01 10:02:43,2021-07-01 10:09:25,2,7/1/21,10,Holly,cloudy,i,5,5,3,3,4,3,6,5,5,5,5,3,3,3,3,4,6,5,5,4,36-55,Male,,No,Yes,More than once a year,,
,2021-07-01 10:09:38,2021-07-01 10:12:35,2,7/1/21,10,Holly,cloudy,i,5,5,5,6,7,4,6,3,6,7,7,4,3,4,3,7,7,8,3,6,18-35,Male,,Yes,Yes,More than once a year,,
,2021-07-01 10:13:05,2021-07-01 10:17:52,2,7/1/21,10,Holly,cloudy,i,7,5,5,5,5,5,6,6,6,7,6,6,5,5,5,6,10,10,3,7,36-55,Male,,Yes,Yes,More than once a year,,
,2021-07-01 10:20:24,2021-07-01 10:22:06,2,7/1/21,10,Holly,cloudy,i,7,6,4,7,6,7,7,6,6,7,6,7,6,7,6,10,10,10,7,8,18-35,Female,,No,No,Less than once a year,,
,2021-07-01 10:22:13,2021-07-01 10:24:54,2,7/1/21,10,Holly,cloudy,i,7,5,4,7,4,5,7,6,5,7,7,7,5,6,5,8,8,6,5,7,18-35,Female,,Yes,Yes,More than once a year,,
,2021-07-01 10:29:45,2021-07-01 10:32:40,2,7/1/21,10,Holly,cloudy,i,7,7,5,5,6,4,5,7,7,7,7,4,6,5,1,9,9,9,6,10,36-55,Female,,Yes,Yes,More than once a year,,
,2021-07-01 10:32:40,2021-07-01 10:36:30,2,7/1/21,10,Holly,cloudy,i,7,7,7,7,7,5,7,4,7,7,7,7,4,5,3,7,8,8,8,8,36-55,Male,,Yes,No,Less than once a year,,
,2021-07-01 10:39:29,2021-07-01 10:42:42,2,7/1/21,10,Holly,cloudy,i,5,5,4,5,5,4,5,5,4,5,4,4,4,4,4,5,8,7,7,7,36-55,Male,,Yes,No,Less than once a year,,
,2021-07-01 10:47:17,2021-07-01 10:49:24,2,7/1/21,10,Holly,cloudy,i,6,6,5,6,6,5,7,5,6,6,6,5,5,6,5,7,8,9,1,5,36-55,Female,,Yes,Yes,More than once a year,,
,2021-07-01 10:49:24,2021-07-01 10:56:48,2,7/1/21,10,Holly,cloudy,i,7,5,5,7,5,4,7,5,4,7,7,7,7,7,7,5,10,7,6,6,36-55,Female,,Yes,Yes,More than once a year,,
,2021-07-01 10:56:48,2021-07-01 11:04:21,2,7/1/21,10,Holly,cloudy,i,7,7,4,7,6,6,5,5,7,7,7,7,7,7,7,10,10,10,6,7,36-55,Male,,Yes,Yes,More than once a year,,
,2021-07-01 11:08:25,2021-07-01 11:11:18,2,7/1/21,11,Holly,cloudy,i,7,7,7,7,7,4,7,7,7,7,7,7,6,7,7,10,10,10,8,8,18-35,Female,,Yes,No,More than once a year,,
,2021-07-01 11:11:18,2021-07-01 11:15:17,2,7/1/21,11,Holly,cloudy,i,7,6,4,7,4,5,7,5,6,7,7,7,7,6,5,10,10,10,6,10,36-55,Male,,Yes,No,Less than once a year,,
,2021-07-01 11:40:48,2021-07-01 11:53:04,2,7/1/21,11,Holly,cloudy,i,7,5,3,5,5,4,7,7,7,6,6,6,5,6,5,9,9,9,8,8,36-55,Female,,Yes,Yes,More than once a year,,
,2021-07-01 11:53:04,2021-07-01 11:55:30,2,7/1/21,11,Holly,cloudy,i,7,5,4,6,6,2,6,4,6,6,5,7,5,4,5,10,10,10,6,10,18-35,Male,,No,No,Approximately once a year,,
,2021-07-01 12:00:45,2021-07-01 12:02:44,2,7/1/21,12,Holly,cloudy,i,5,5,4,3,5,4,5,4,4,4,4,4,4,5,4,6,9,10,5,6,36-55,Female,,Yes,Yes,More than once a year,,
,2021-07-03 12:34:40,2021-07-03 12:43:09,2,7/3/21,12,Chloe,sunny,i,6,6,3,5,6,4,5,5,6,7,7,6,6,5,5,7,9,9,4,7,18-35,Male,,Yes,No,Approximately once a year,,
,2021-07-03 12:44:51,2021-07-03 12:49:33,2,7/3/21,12,Chloe,sunny,i,5,4,3,4,5,7,5,5,4,6,7,7,5,5,5,7,10,9,7,8,18-35,Female,,Yes,No,Less than once a year,,
,2021-07-03 12:49:33,2021-07-03 12:52:55,2,7/3/21,12,Chloe,sunny,i,7,7,5,7,7,6,7,7,5,7,7,4,4,6,5,6,10,9,5,6,18-35,Female,,Yes,No,Less than once a year,,
,2021-07-03 12:54:07,2021-07-03 13:01:26,2,7/3/21,12,Chloe,sunny,i,7,7,4,7,4,4,4,7,7,7,7,7,7,7,7,10,10,10,4,10,36-55,Female,,No,No,Approximately once a year,,
,2021-07-03 13:11:49,2021-07-03 13:15:19,2,7/3/21,1,Chloe,sunny,i,7,7,5,4,7,5,7,5,7,7,7,7,7,7,7,10,10,9,5,10,56-75,Female,,No,No,Less than once a year,,
,2021-07-03 13:19:26,2021-07-03 13:21:23,2,7/3/21,1,Chloe,sunny,i,4,1,1,4,4,7,4,4,7,7,7,7,7,7,7,4,5,6,1,5,18-35,Non-binary,,No,No,More than once a year,,
,2021-07-03 13:45:28,2021-07-03 13:47:35,2,7/3/21,1,Chloe,sunny,i,7,7,4,4,3,6,5,4,6,7,7,7,6,5,6,8,9,7,1,5,18-35,Female,,Yes,No,More than once a year,,
,2021-07-05 12:06:22,2021-07-05 12:09:40,2,7/5/21,12,Colby,sunny,1,7,7,7,7,7,1,1,7,7,7,7,7,7,7,7,1,4,8,1,10,36-55,Male,,No,No,More than once a year,,
,2021-07-05 12:09:40,2021-07-05 12:12:00,2,7/5/21,12,Colby,sunny,i,7,7,4,5,7,4,3,7,5,4,4,4,4,4,4,7,7,10,10,10,36-55,Male,,Yes,No,More than once a year,,
,2021-07-05 12:14:00,2021-07-05 12:20:07,2,7/5/21,12,Colby,sunny,i,7,7,4,4,4,2,6,4,4,7,7,7,6,7,6,8,10,10,10,10,36-55,Female,,Yes,No,Approximately once a year,,
,2021-07-05 12:20:23,2021-07-05 12:22:54,2,7/5/21,12,Colby,sunny,i,5,5,5,5,5,5,5,5,5,5,3,4,4,3,3,5,6,5,4,4,18-35,Male,,Yes,No,Approximately once a year,,
,2021-07-05 12:26:58,2021-07-05 12:33:07,2,7/5/21,12,Colby,sunny,i,6,7,5,7,5,5,7,4,6,7,7,6,6,7,5,8,10,10,10,10,36-55,Male,,No,No,Approximately once a year,,
,2021-07-05 12:33:21,2021-07-05 12:40:41,2,7/5/21,12,Colby,sunny,1,7,7,7,7,5,7,7,7,7,7,7,7,7,7,7,10,10,10,10,10,36-55,Female,,Yes,No,Approximately once a year,,
,2021-07-05 12:49:15,2021-07-05 12:55:09,2,7/5/21,12,Colby,sunny,1,7,7,7,7,7,6,7,7,7,7,7,4,4,4,4,7,9,8,10,8,36-55,Female,,Yes,No,Less than once a year,,
,2021-07-05 12:55:12,2021-07-05 12:58:22,2,7/5/21,12,Colby,sunny,i,6,5,4,5,5,5,5,4,5,5,6,6,4,5,3,8,8,8,7,8,18-35,Female,,Yes,Yes,More than once a year,,
,2021-07-05 12:58:22,2021-07-05 13:01:15,2,7/5/21,12,Colby,sunny,i,7,7,7,7,7,7,7,6,7,7,7,7,7,7,6,7,7,8,7,10,18-35,Female,,Yes,No,More than once a year,,
,2021-07-05 13:01:41,2021-07-05 13:04:32,2,7/5/21,1,Colby,sunny,i,6,5,5,5,5,4,5,4,5,5,5,5,4,5,4,4,4,4,3,3,18-35,Female,,Yes,No,Approximately once a year,,
,2021-07-05 13:04:33,2021-07-05 13:14:08,2,7/5/21,1,Colby,sunny,i,7,7,2,1,4,3,3,6,7,7,7,7,5,6,6,5,10,10,2,7,36-55,Female,,No,No,Less than once a year,,
,2021-07-05 13:14:36,2021-07-05 13:20:06,2,7/5/21,1,Colby,sunny,i,7,7,4,6,7,5,7,5,7,7,7,5,4,4,4,5,10,6,3,7,36-55,Female,,No,No,Less than once a year,,
,2021-07-05 13:28:20,2021-07-05 13:36:30,2,7/5/21,1,Colby,sunny,i,7,5,7,7,7,7,4,2,5,7,6,7,6,6,5,8,9,9,8,8,36-55,Male,,Yes,No,Approximately once a year,,
,2021-07-05 13:40:41,2021-07-05 13:46:23,2,7/5/21,1,Colby,sunny,i,7,7,5,7,6,6,7,7,4,7,5,5,4,5,4,3,3,4,1,3,36-55,Female,,Yes,Yes,More than once a year,,
,2021-07-05 13:47:55,2021-07-05 13:50:34,2,7/5/21,1,Colby,sunny,i,5,6,4,5,6,6,5,4,6,7,6,4,6,6,6,7,9,9,8,7,18-35,Male,,Yes,No,Approximately once a year,,
,2021-07-06 12:06:42,2021-07-06 12:12:46,2,7/6/21,12,Holly,sunny,i,7,7,4,4,2,4,6,5,4,5,5,5,5,7,6,9,7,8,10,6,18-35,Female,,Yes,Yes,More than once a year,,
,2021-07-06 12:12:46,2021-07-06 12:17:47,2,7/6/21,12,Holly,sunny,1,7,7,5,7,7,6,7,7,5,7,7,7,7,7,7,10,9,10,7,10,18-35,Male,,Yes,No,Approximately once a year,,
,2021-07-06 12:17:47,2021-07-06 12:32:22,2,7/6/21,12,Holly,sunny,i,7,6,4,7,4,1,4,4,7,7,7,7,7,7,7,10,10,10,4,10,18-35,Other (please specify),"Two of us are filling out the survey, one male and one female",Yes,No,Less than once a year,,
,2021-07-06 12:32:54,2021-07-06 12:48:13,2,7/6/21,12,Holly,sunny,i,5,7,4,5,3,2,6,6,5,5,6,4,4,5,5,7,10,9,8,7,36-55,Male,,Yes,Yes,More than once a year,,
,2021-07-06 12:48:13,2021-07-06 12:57:29,2,7/6/21,12,Holly,sunny,i,7,4,4,1,4,2,2,1,4,5,2,1,1,2,1,8,10,8,10,10,18-35,Female,,No,No,Less than once a year,,
,2021-07-06 12:57:29,2021-07-06 13:02:54,2,7/6/21,12,Holly,sunny,i,7,7,5,6,4,3,4,5,7,7,7,7,7,7,7,5,8,8,7,8,18-35,Female,,No,No,Approximately once a year,,
,2021-07-06 13:04:03,2021-07-06 13:08:29,2,7/6/21,1,Holly,sunny,i,6,5,4,6,5,4,7,4,6,6,6,5,4,4,4,8,9,8,5,7,18-35,Female,,No,No,Less than once a year,,
,2021-07-06 13:33:53,2021-07-06 13:37:05,2,7/6/21,1,Holly,sunny,i,7,7,4,4,7,5,7,5,6,7,7,4,5,7,7,8,10,7,6,6,36-55,Female,,No,No,More than once a year,,
,2021-07-07 12:35:27,2021-07-07 12:50:46,2,7/7/21,12,Colby,cloudy,i,7,7,4,6,4,5,3,5,7,6,5,5,4,5,5,10,9,9,6,10,56-75,Female,,Yes,Yes,More than once a year,,
,2021-07-07 12:50:46,2021-07-07 12:54:03,2,7/7/21,12,Colby,cloudy,i,6,6,5,7,6,6,6,6,7,7,7,7,6,7,6,8,10,10,7,8,36-55,Female,,Yes,Yes,More than once a year,,
,2021-07-07 12:54:50,2021-07-07 13:01:41,2,7/7/21,12,Colby,cloudy,i,7,7,4,7,7,4,5,6,7,7,7,7,7,7,7,9,9,9,8,9,36-55,Female,,Yes,No,Less than once a year,,
,2021-07-07 13:01:41,2021-07-07 13:07:53,2,7/7/21,1,Colby,cloudy,i,4,4,3,1,5,2,7,7,6,6,6,4,4,5,6,8,8,9,8,7,36-55,Male,,No,No,Less than once a year,,
,2021-07-07 13:24:54,2021-07-07 13:30:55,2,7/7/21,1,Colby,cloudy,i,5,4,1,1,6,1,5,3,5,7,6,4,2,2,3,7,10,10,8,9,18-35,Male,,No,No,Less than once a year,,
,2021-07-07 13:30:56,2021-07-07 13:34:13,2,7/7/21,1,Colby,cloudy,i,4,6,4,3,3,2,5,5,4,5,5,5,3,3,5,4,5,5,5,6,36-55,Female,,Yes,Yes,Less than once a year,,
,2021-07-07 13:34:15,2021-07-07 13:42:25,2,7/7/21,1,Colby,cloudy,i,5,5,4,5,5,5,6,6,5,6,6,4,3,4,3,3,4,4,1,5,18-35,Female,,Yes,No,Less than once a year,,
,2021-07-07 13:42:42,2021-07-07 13:49:17,2,7/7/21,1,Colby,cloudy,1,7,4,7,7,7,7,7,4,1,7,7,5,4,7,7,10,10,10,7,10,56-75,Female,,No,No,Approximately once a year,,
,2021-07-07 13:50:02,2021-07-07 13:54:08,2,7/7/21,1,Colby,cloudy,i,7,6,4,4,6,5,4,7,7,7,7,4,4,7,7,6,10,10,7,9,36-55,Female,,Yes,No,Less than once a year,,
,2021-07-07 13:54:12,2021-07-07 14:00:35,2,7/7/21,1,Colby,cloudy,i,5,4,4,3,4,2,5,3,6,7,6,6,4,6,4,8,9,10,9,8,Under 18,Male,,Yes,Yes,More than once a year,,
,2021-07-07 14:02:53,2021-07-07 14:10:13,2,7/7/21,2,Colby,cloudy,1,4,7,5,7,7,6,5,7,6,7,7,5,5,6,7,9,10,10,10,8,56-75,Female,,No,No,Less than once a year,,
,2021-07-07 14:10:14,2021-07-07 14:16:06,2,7/7/21,2,Colby,cloudy,i,7,7,5,3,6,2,1,5,4,7,5,7,4,6,7,7,10,10,5,5,36-55,Male,,Yes,No,Approximately once a year,,
,2021-07-08 9:57:29,2021-07-08 10:00:23,2,7/8/21,9,Holly,sunny,i,7,4,2,2,4,4,2,5,7,6,6,7,4,6,3,9,10,10,10,10,18-35,Male,,Yes,Yes,More than once a year,,
,2021-07-08 10:01:52,2021-07-08 10:11:36,2,7/8/21,10,Holly,sunny,i,7,5,4,6,6,5,7,4,7,7,7,4,5,7,5,7,6,7,6,7,18-35,Prefer not to answer,,Yes,Yes,More than once a year,,
,2021-07-08 10:15:19,2021-07-08 10:19:58,2,7/8/21,10,Holly,sunny,i,6,6,6,4,5,4,6,6,5,4,6,6,5,6,7,7,9,9,5,9,36-55,Female,,Yes,Yes,More than once a year,,
,2021-07-08 10:31:50,2021-07-08 10:35:01,2,7/8/21,10,Holly,sunny,i,5,6,4,7,5,3,6,5,4,6,5,4,4,5,4,10,10,10,10,8,56-75,Male,,Yes,Yes,More than once a year,,
,2021-07-08 10:43:20,2021-07-08 10:45:15,2,7/8/21,10,Holly,sunny,i,4,5,5,4,5,4,3,3,5,5,5,5,5,4,5,7,8,8,7,8,36-55,Male,,No,No,Less than once a year,,
,2021-07-08 11:01:55,2021-07-08 11:07:41,2,7/8/21,11,Holly,sunny,1,7,7,5,7,7,4,7,6,7,7,7,7,6,7,7,10,10,10,1,10,36-55,Female,,No,No,More than once a year,,
,2021-07-08 11:11:53,2021-07-08 11:13:31,2,7/8/21,11,Holly,sunny,i,7,4,4,7,6,4,7,6,5,5,4,4,4,5,4,7,10,8,8,8,36-55,Female,,Yes,No,Approximately once a year,,
,2021-07-08 11:19:42,2021-07-08 11:21:42,2,7/8/21,11,Holly,sunny,i,6,7,5,6,6,3,6,7,6,5,7,1,4,4,6,6,8,9,10,10,56-75,Female,,No,No,Less than once a year,,
,2021-07-08 11:31:05,2021-07-08 11:33:10,2,7/8/21,11,Holly,sunny,i,7,5,3,4,3,1,1,6,6,7,7,6,6,6,6,7,10,10,5,7,18-35,Female,,No,No,Less than once a year,,
,2021-07-08 11:45:30,2021-07-08 11:50:19,2,7/8/21,11,Holly,sunny,i,5,3,3,2,3,1,6,6,5,6,6,6,6,4,4,8,10,9,6,10,56-75,Male,,Yes,Yes,More than once a year,,
,2021-07-10 13:21:44,2021-07-10 13:33:20,2,7/10/21,1,Chloe,sunny,i,7,7,4,7,4,7,7,5,6,7,7,5,6,7,7,8,10,10,5,8,18-35,Female,,No,No,Approximately once a year,,
,2021-07-10 13:50:52,2021-07-10 13:52:53,2,7/10/21,1,Chloe,sunny,i,7,7,7,6,7,4,6,7,7,7,7,7,7,7,7,10,10,10,10,10,18-35,Female,,No,No,Less than once a year,,
,2021-07-10 13:52:53,2021-07-10 13:55:59,2,7/10/21,1,Chloe,sunny,i,7,7,5,5,7,7,6,6,5,5,5,5,4,5,4,7,8,8,5,5,18-35,Male,,Yes,No,Less than once a year,,
,2021-07-10 14:20:41,2021-07-10 14:23:55,2,7/10/21,2,Chloe,sunny,i,5,5,4,5,7,4,7,4,7,7,7,7,7,7,7,5,8,9,3,4,18-35,Female,,No,No,Approximately once a year,,
,2021-07-10 14:23:59,2021-07-10 14:28:42,2,7/10/21,2,Chloe,sunny,1,5,6,6,4,3,1,6,5,5,5,4,3,3,5,5,3,4,6,3,5,36-55,Male,,Yes,Yes,More than once a year,,
,2021-07-10 14:32:10,2021-07-10 14:33:49,2,7/10/21,2,Chloe,sunny,i,5,5,5,5,5,5,5,5,4,5,5,4,3,4,5,6,8,8,4,7,18-35,Male,,No,No,Less than once a year,,
,2021-07-10 14:52:23,2021-07-10 14:55:59,2,7/10/21,2,Chloe,sunny,i,7,5,6,6,7,7,7,5,5,4,7,6,4,5,5,8,10,10,6,9,18-35,Male,,Yes,Yes,More than once a year,,
,2021-07-10 14:56:38,2021-07-10 14:59:02,2,7/10/21,2,Chloe,sunny,i,7,7,5,6,6,5,7,7,6,6,6,6,6,6,5,5,6,8,2,6,18-35,Female,,Yes,Yes,More than once a year,,
,2021-07-12 12:03:50,2021-07-12 12:09:56,2,7/12/21,12,Colby,sunny,i,7,7,4,3,6,2,7,6,7,7,7,7,7,7,4,10,10,10,10,4,36-55,Female,,Yes,No,Approximately once a year,,
,2021-07-12 12:10:40,2021-07-12 12:15:31,2,7/12/21,12,Colby,sunny,i,7,7,5,4,4,2,3,3,4,7,5,6,5,5,4,5,9,10,5,5,36-55,Female,,Yes,Yes,More than once a year,,
,2021-07-12 12:16:37,2021-07-12 12:26:15,2,7/12/21,12,Colby,sunny,i,6,7,7,7,7,4,7,7,6,7,6,6,7,7,4,10,10,10,10,8,36-55,Male,,Yes,No,More than once a year,,
,2021-07-12 12:26:15,2021-07-12 12:31:07,2,7/12/21,12,Colby,sunny,1,7,7,5,7,7,7,7,7,7,7,7,5,5,5,7,10,10,10,7,7,56-75,Female,,No,No,Less than once a year,,
,2021-07-12 12:31:18,2021-07-12 12:34:19,2,7/12/21,12,Colby,sunny,i,7,7,5,7,7,7,7,7,7,7,7,4,6,7,7,9,9,9,7,7,18-35,Female,,No,No,Less than once a year,,
,2021-07-12 12:34:50,2021-07-12 12:37:24,2,7/12/21,12,Colby,sunny,i,7,7,6,4,5,4,7,6,7,7,7,6,7,7,7,8,10,9,6,6,18-35,Female,,Yes,No,Approximately once a year,,
,2021-07-12 12:37:32,2021-07-12 12:42:14,2,7/12/21,12,Colby,sunny,i,7,7,4,5,7,5,7,7,7,7,7,7,6,7,5,9,10,10,6,9,36-55,Female,,Yes,Yes,More than once a year,,
,2021-07-12 12:44:57,2021-07-12 12:47:36,2,7/12/21,12,Colby,sunny,i,7,7,7,7,4,4,7,7,7,7,4,7,7,7,7,10,10,10,10,10,36-55,Male,,Yes,No,More than once a year,,
,2021-07-12 12:51:08,2021-07-12 12:58:45,2,7/12/21,12,Colby,sunny,i,7,5,6,4,6,4,6,5,6,6,7,5,4,7,5,7,8,9,5,5,Under 18,Male,,Yes,No,Approximately once a year,,
,2021-07-12 12:58:47,2021-07-12 13:01:16,2,7/12/21,12,Colby,sunny,i,7,6,7,7,7,6,7,4,7,7,7,7,5,5,7,8,10,9,5,5,56-75,Female,,No,No,Approximately once a year,,
,2021-07-12 13:03:24,2021-07-12 13:09:22,2,7/12/21,1,Colby,sunny,i,5,4,6,5,4,1,4,5,1,5,5,6,4,6,6,7,9,9,6,8,18-35,Male,,No,No,Less than once a year,,
,2021-07-12 13:12:49,2021-07-12 13:16:33,2,7/12/21,1,Colby,sunny,i,6,5,4,5,4,4,7,5,7,7,7,4,4,6,6,7,7,7,5,8,36-55,Female,,Yes,No,More than once a year,,
,2021-07-12 13:17:59,2021-07-12 13:22:02,2,7/12/21,1,Colby,sunny,i,7,7,7,7,5,5,5,5,5,5,5,5,5,5,6,5,6,6,7,7,18-35,Male,,Yes,No,More than once a year,,
,2021-07-12 13:23:06,2021-07-12 13:31:16,2,7/12/21,1,Colby,sunny,i,6,5,5,7,6,6,7,6,5,7,4,5,4,6,6,10,10,10,7,10,56-75,Female,,Yes,Yes,More than once a year,,
,2021-07-14 12:25:25,2021-07-14 12:36:12,2,7/14,12,Colby,sunny,i,7,6,2,5,2,1,7,5,2,2,4,3,1,1,1,4,10,10,4,10,18-35,Female,,Yes,No,More than once a year,,
,2021-07-14 12:56:38,2021-07-14 13:00:23,2,7/14,12,Colby,sunny,i,6,7,6,7,5,6,5,7,5,7,7,7,5,7,6,7,8,9,8,10,18-35,Female,,Yes,No,More than once a year,,
,2021-07-14 13:00:32,2021-07-14 13:04:59,2,7/14,1,Colby,sunny,i,4,3,3,4,4,4,4,4,4,4,4,5,4,4,4,6,8,9,8,8,36-55,Male,,Yes,Yes,More than once a year,,
,2021-07-14 13:05:01,2021-07-14 13:14:21,2,7/14,1,Colby,sunny,i,7,7,7,7,7,4,6,7,7,7,7,4,7,6,6,6,10,10,1,5,56-75,Female,,No,No,Less than once a year,,
,2021-07-14 13:16:30,2021-07-14 13:19:09,2,7/14,1,Colby,sunny,i,6,5,4,1,1,1,3,3,5,5,5,5,3,5,5,5,8,10,6,6,18-35,Male,,Yes,Yes,More than once a year,,
,2021-07-14 13:19:09,2021-07-14 13:21:08,2,7/14,1,Colby,sunny,i,7,7,6,6,5,4,7,6,7,7,7,6,6,7,7,8,10,8,8,8,18-35,Female,,Yes,Yes,More than once a year,,
,2021-07-14 13:31:39,2021-07-14 13:37:33,2,7/14,1,Colby,sunny,i,7,7,7,7,7,7,7,7,5,7,7,4,4,4,3,8,10,10,5,8,36-55,Male,,Yes,No,Approximately once a year,,
,2021-07-14 13:47:58,2021-07-14 13:50:42,2,7/14,1,Colby,sunny,i,4,4,4,5,4,3,6,7,5,5,5,5,5,5,6,10,10,10,6,5,36-55,Female,,No,No,Less than once a year,,
,2021-07-15 10:20:08,2021-07-15 10:24:15,2,7/15/21,10,Holly,cloudy,i,7,6,4,3,3,4,5,7,7,7,7,7,4,4,4,8,10,10,6,10,18-35,Female,,Yes,Yes,More than once a year,,
,2021-07-15 10:24:15,2021-07-15 10:35:14,2,7/15/21,10,Holly,cloudy,i,7,7,7,7,7,7,7,7,7,7,4,1,7,7,4,9,10,10,6,10,18-35,Prefer not to answer,,Yes,No,Less than once a year,,
,2021-07-15 10:35:47,2021-07-15 10:39:49,2,7/15/21,10,Holly,cloudy,i,7,7,4,4,7,7,6,7,7,7,7,7,7,7,7,10,10,10,4,7,18-35,Female,,No,Yes,More than once a year,,
,2021-07-15 10:57:42,2021-07-15 11:03:15,2,7/15/21,10,Holly,cloudy,1,7,7,6,6,7,6,7,7,7,7,7,7,7,7,7,10,10,10,10,10,36-55,Female,,Yes,No,More than once a year,,
,2021-07-15 11:04:11,2021-07-15 11:08:02,2,7/15/21,11,Holly,cloudy,i,6,7,5,6,4,4,5,6,7,7,7,7,7,5,5,8,9,8,6,9,18-35,Male,,No,No,Approximately once a year,,
,2021-07-15 11:17:16,2021-07-15 11:21:26,2,7/15/21,11,Holly,cloudy,1,7,7,4,7,5,7,7,6,7,7,7,5,4,4,7,2,10,8,2,8,18-35,Female,,Yes,Yes,More than once a year,,
,2021-07-15 11:45:19,2021-07-15 11:49:59,2,7/15/21,11,Holly,cloudy,i,3,4,3,2,2,2,1,3,4,4,5,5,3,4,4,6,7,5,7,6,36-55,Female,,No,No,Less than once a year,,
,2021-07-15 11:51:53,2021-07-15 11:53:29,2,7/15/21,11,Holly,cloudy,i,7,7,4,5,5,5,7,4,7,7,7,5,7,7,7,10,10,10,10,10,18-35,Female,,No,No,More than once a year,,
,2021-07-15 11:54:12,2021-07-15 11:56:43,2,7/15/21,11,Holly,cloudy,i,5,4,6,4,6,4,7,6,6,7,7,7,4,7,7,9,10,10,9,8,36-55,Male,,Yes,No,Less than once a year,,
,2021-07-15 11:58:47,2021-07-15 12:01:05,2,7/15/21,11,Holly,cloudy,i,6,5,5,3,5,5,5,3,7,7,7,4,3,7,7,5,8,7,4,6,18-35,Female,,Yes,No,Less than once a year,,
,2021-07-20 12:23:09,2021-07-20 12:30:24,2,7/20/21,12,Holly,sunny,i,7,7,6,7,7,7,7,7,7,7,7,7,6,7,6,10,8,8,7,8,18-35,Prefer not to answer,,Yes,Yes,More than once a year,,
,2021-07-20 12:37:15,2021-07-20 12:40:45,2,7/20/21,12,Holly,sunny,i,7,7,5,6,5,7,7,7,7,7,6,4,5,5,6,7,9,9,7,8,56-75,Female,,Yes,Yes,Approximately once a year,,
,2021-07-20 12:45:33,2021-07-20 12:47:29,2,7/20/21,12,Holly,sunny,i,7,7,5,6,5,6,7,4,6,7,7,7,3,5,6,6,7,8,8,9,18-35,Female,,No,No,Less than once a year,,
,2021-07-20 13:36:18,2021-07-20 13:38:11,2,7/20/21,1,Holly,sunny,i,7,7,6,7,7,6,7,4,6,7,7,7,7,4,3,5,6,6,4,3,18-35,Male,,Yes,No,Less than once a year,,
,2021-07-20 13:39:12,2021-07-20 13:41:34,2,7/20/21,1,Holly,sunny,i,6,5,5,5,4,3,5,6,5,6,5,5,5,6,5,7,8,9,8,9,36-55,Female,,Yes,No,More than once a year,,
,2021-07-20 13:42:35,2021-07-20 13:44:28,2,7/20/21,1,Holly,sunny,i,7,4,3,4,5,7,5,4,6,5,6,4,4,7,6,9,10,10,9,10,18-35,Female,,No,No,Less than once a year,,
,2021-07-21 12:21:31,2021-07-21 12:29:35,2,7/21/21,12,Colby,sunny,i,7,6,5,7,5,7,6,5,7,7,6,4,5,5,7,5,10,10,2,10,56-75,Female,,Yes,No,Less than once a year,,
,2021-07-21 12:30:08,2021-07-21 12:36:33,2,7/21/21,12,Colby,sunny,1,6,6,4,6,6,6,5,5,5,7,6,5,6,6,4,8,9,8,8,9,36-55,Female,,Yes,Yes,More than once a year,,
,2021-07-21 12:42:08,2021-07-21 12:48:56,2,7/21/21,12,Colby,sunny,i,5,5,4,5,4,2,5,5,3,3,3,3,3,2,3,10,10,10,8,10,18-35,Male,,Yes,Yes,More than once a year,,
,2021-07-21 12:49:11,2021-07-21 12:55:42,2,7/21/21,12,Colby,sunny,i,7,7,6,6,4,6,4,4,7,7,7,6,7,7,7,8,10,10,6,10,36-55,Female,,Yes,No,Less than once a year,,
,2021-07-21 12:55:43,2021-07-21 13:01:16,2,7/21/21,12,Colby,sunny,i,7,7,7,7,7,5,5,5,6,7,7,4,5,7,7,10,10,10,10,10,56-75,Female,,No,No,Less than once a year,,
,2021-07-21 13:06:10,2021-07-21 13:15:01,2,7/21/21,1,Colby,sunny,i,6,4,4,6,4,1,5,7,5,7,7,7,3,4,5,7,10,10,10,10,56-75,Female,,Yes,No,Approximately once a year,,
,2021-07-21 13:15:02,2021-07-21 13:23:29,2,7/21/21,1,Colby,sunny,i,7,7,6,7,5,7,7,7,6,7,7,6,7,5,6,10,10,10,6,7,18-35,Female,,No,No,More than once a year,,
,2021-07-21 13:25:05,2021-07-21 13:28:04,2,7/21/21,1,Colby,sunny,i,5,4,4,4,4,3,3,3,4,5,4,4,3,3,4,7,7,7,5,7,18-35,Male,,Yes,Yes,More than once a year,,
,2021-07-21 13:29:24,2021-07-21 13:34:21,2,7/21/21,1,Colby,sunny,i,2,3,1,2,3,4,4,4,3,5,5,5,6,3,3,8,7,9,10,10,18-35,Female,,No,No,More than once a year,,
,2021-07-21 13:36:17,2021-07-21 13:39:58,2,7/21/21,1,Colby,sunny,i,6,4,4,7,7,6,7,7,7,7,6,6,5,6,6,8,8,8,7,7,18-35,Female,,Yes,Yes,More than once a year,,
,2021-07-21 13:44:10,2021-07-21 13:48:01,2,7/21/21,1,Colby,sunny,i,6,4,4,4,6,2,7,3,4,7,6,3,4,4,4,6,10,10,2,9,18-35,Female,,Yes,No,Less than once a year,,
,2021-07-21 13:48:01,2021-07-21 13:50:45,2,7/21/21,1,Colby,sunny,i,6,5,5,7,6,4,6,6,6,6,6,6,6,6,6,7,8,8,6,6,Under 18,Male,,No,No,Approximately once a year,,
,2021-07-21 13:51:02,2021-07-21 14:01:21,2,7/21/21,1,Colby,sunny,i,6,6,4,5,6,2,5,5,6,5,5,4,4,3,5,5,8,7,8,6,76 or older,Male,,Yes,No,Approximately once a year,,
,2021-07-21 14:02:35,2021-07-21 14:05:52,2,7/21/21,2,Colby,sunny,i,7,7,4,6,5,5,5,7,7,7,7,6,4,6,4,9,9,10,9,10,18-35,Female,,No,No,Less than once a year,,
,2021-07-21 14:06:17,2021-07-21 14:09:46,2,7/21/21,2,Colby,sunny,i,7,7,4,7,5,4,7,3,6,7,7,4,5,4,5,9,10,10,6,10,56-75,Male,,Yes,No,More than once a year,,
,,,,,,,,,,,,,,,,,,,,,,,,,,,,,,,,,,,,
,,,,,,,,,,,,,,,,,,,,,,,,,,,,,,,,,,,,
,,,,,,,,,,,,,,,,,,,,,,,,,,,,,,,,,,,,
,,,,,,,,,,,,,,,,,,,,,,,,,,,,,,,,,,,,
,,,,,,,,,,,,,,,,,,,,,,,,,,,,,,,,,,,,
,,,,,,,,,,,,,,,,,,,,,,,,,,,,,,,,,,,,
,,,,,,,,,,,,,,,,,,,,,,,,,,,,,,,,,,,,
,,,,,,,,,,,,,,,,,,,,,,,,,,,,,,,,,,,,
,,,,,,,,,,,,,,,,,,,,,,,,,,,,,,,,,,,,
,,,,,,,,,,,,,,,,,,,,,,,,,,,,,,,,,,,,
,,,,,,,,,,,,,,,,,,,,,,,,,,,,,,,,,,,,
,,,,,,,,,,,,,,,,,,,,,,,,,,,,,,,,,,,,
,,,,,,,,,,,,,,,,,,,,,,,,,,,,,,,,,,,,
,,,,,,,,,,,,,,,,,,,,,,,,,,,,,,,,,,,,
,,,,,,,,,,,,,,,,,,,,,,,,,,,,,,,,,,,,
,,,,,,,,,,,,,,,,,,,,,,,,,,,,,,,,,,,,
,,,,,,,,,,,,,,,,,,,,,,,,,,,,,,,,,,,,
,,,,,,,,,,,,,,,,,,,,,,,,,,,,,,,,,,,,
,,,,,,,,,,,,,,,,,,,,,,,,,,,,,,,,,,,,
,,,,,,,,,,,,,,,,,,,,,,,,,,,,,,,,,,,,
,,,,,,,,,,,,,,,,,,,,,,,,,,,,,,,,,,,,
,,,,,,,,,,,,,,,,,,,,,,,,,,,,,,,,,,,,
,,,,,,,,,,,,,,,,,,,,,,,,,,,,,,,,,,,,
,,,,,,,,,,,,,,,,,,,,,,,,,,,,,,,,,,,,
,,,,,,,,,,,,,,,,,,,,,,,,,,,,,,,,,,,,
,,,,,,,,,,,,,,,,,,,,,,,,,,,,,,,,,,,,
,,,,,,,,,,,,,,,,,,,,,,,,,,,,,,,,,,,,
,,,,,,,,,,,,,,,,,,,,,,,,,,,,,,,,,,,,
,,,,,,,,,,,,,,,,,,,,,,,,,,,,,,,,,,,,
,,,,,,,,,,,,,,,,,,,,,,,,,,,,,,,,,,,,
,,,,,,,,,,,,,,,,,,,,,,,,,,,,,,,,,,,,
,,,,,,,,,,,,,,,,,,,,,,,,,,,,,,,,,,,,
,,,,,,,,,,,,,,,,,,,,,,,,,,,,,,,,,,,,
,,,,,,,,,,,,,,,,,,,,,,,,,,,,,,,,,,,,
,,,,,,,,,,,,,,,,,,,,,,,,,,,,,,,,,,,,
,,,,,,,,,,,,,,,,,,,,,,,,,,,,,,,,,,,,
,,,,,,,,,,,,,,,,,,,,,,,,,,,,,,,,,,,,
,,,,,,,,,,,,,,,,,,,,,,,,,,,,,,,,,,,,
,,,,,,,,,,,,,,,,,,,,,,,,,,,,,,,,,,,,
,,,,,,,,,,,,,,,,,,,,,,,,,,,,,,,,,,,,
,,,,,,,,,,,,,,,,,,,,,,,,,,,,,,,,,,,,
,,,,,,,,,,,,,,,,,,,,,,,,,,,,,,,,,,,,
,,,,,,,,,,,,,,,,,,,,,,,,,,,,,,,,,,,,
,,,,,,,,,,,,,,,,,,,,,,,,,,,,,,,,,,,,
,,,,,,,,,,,,,,,,,,,,,,,,,,,,,,,,,,,,
,,,,,,,,,,,,,,,,,,,,,,,,,,,,,,,,,,,,
,,,,,,,,,,,,,,,,,,,,,,,,,,,,,,,,,,,,
,,,,,,,,,,,,,,,,,,,,,,,,,,,,,,,,,,,,
,,,,,,,,,,,,,,,,,,,,,,,,,,,,,,,,,,,,
,,,,,,,,,,,,,,,,,,,,,,,,,,,,,,,,,,,,
,,,,,,,,,,,,,,,,,,,,,,,,,,,,,,,,,,,,
,,,,,,,,,,,,,,,,,,,,,,,,,,,,,,,,,,,,
,,,,,,,,,,,,,,,,,,,,,,,,,,,,,,,,,,,,
,,,,,,,,,,,,,,,,,,,,,,,,,,,,,,,,,,,,
,,,,,,,,,,,,,,,,,,,,,,,,,,,,,,,,,,,,
,,,,,,,,,,,,,,,,,,,,,,,,,,,,,,,,,,,,
,,,,,,,,,,,,,,,,,,,,,,,,,,,,,,,,,,,,
,,,,,,,,,,,,,,,,,,,,,,,,,,,,,,,,,,,,
,,,,,,,,,,,,,,,,,,,,,,,,,,,,,,,,,,,,
,,,,,,,,,,,,,,,,,,,,,,,,,,,,,,,,,,,,
,,,,,,,,,,,,,,,,,,,,,,,,,,,,,,,,,,,,
,,,,,,,,,,,,,,,,,,,,,,,,,,,,,,,,,,,,
,,,,,,,,,,,,,,,,,,,,,,,,,,,,,,,,,,,,
,,,,,,,,,,,,,,,,,,,,,,,,,,,,,,,,,,,,
,,,,,,,,,,,,,,,,,,,,,,,,,,,,,,,,,,,,
,,,,,,,,,,,,,,,,,,,,,,,,,,,,,,,,,,,,
,,,,,,,,,,,,,,,,,,,,,,,,,,,,,,,,,,,,
,,,,,,,,,,,,,,,,,,,,,,,,,,,,,,,,,,,,
,,,,,,,,,,,,,,,,,,,,,,,,,,,,,,,,,,,,
,,,,,,,,,,,,,,,,,,,,,,,,,,,,,,,,,,,,
,,,,,,,,,,,,,,,,,,,,,,,,,,,,,,,,,,,,
,,,,,,,,,,,,,,,,,,,,,,,,,,,,,,,,,,,,
,,,,,,,,,,,,,,,,,,,,,,,,,,,,,,,,,,,,
,,,,,,,,,,,,,,,,,,,,,,,,,,,,,,,,,,,,
,,,,,,,,,,,,,,,,,,,,,,,,,,,,,,,,,,,,
,,,,,,,,,,,,,,,,,,,,,,,,,,,,,,,,,,,,
,,,,,,,,,,,,,,,,,,,,,,,,,,,,,,,,,,,,
,,,,,,,,,,,,,,,,,,,,,,,,,,,,,,,,,,,,
,,,,,,,,,,,,,,,,,,,,,,,,,,,,,,,,,,,,
,,,,,,,,,,,,,,,,,,,,,,,,,,,,,,,,,,,,
,,,,,,,,,,,,,,,,,,,,,,,,,,,,,,,,,,,,
,,,,,,,,,,,,,,,,,,,,,,,,,,,,,,,,,,,,
,,,,,,,,,,,,,,,,,,,,,,,,,,,,,,,,,,,,
,,,,,,,,,,,,,,,,,,,,,,,,,,,,,,,,,,,,
,,,,,,,,,,,,,,,,,,,,,,,,,,,,,,,,,,,,
,,,,,,,,,,,,,,,,,,,,,,,,,,,,,,,,,,,,
,,,,,,,,,,,,,,,,,,,,,,,,,,,,,,,,,,,,
,,,,,,,,,,,,,,,,,,,,,,,,,,,,,,,,,,,,
,,,,,,,,,,,,,,,,,,,,,,,,,,,,,,,,,,,,
,,,,,,,,,,,,,,,,,,,,,,,,,,,,,,,,,,,,
,,,,,,,,,,,,,,,,,,,,,,,,,,,,,,,,,,,,
,,,,,,,,,,,,,,,,,,,,,,,,,,,,,,,,,,,,
,,,,,,,,,,,,,,,,,,,,,,,,,,,,,,,,,,,,
,,,,,,,,,,,,,,,,,,,,,,,,,,,,,,,,,,,,
,,,,,,,,,,,,,,,,,,,,,,,,,,,,,,,,,,,,
,,,,,,,,,,,,,,,,,,,,,,,,,,,,,,,,,,,,
,,,,,,,,,,,,,,,,,,,,,,,,,,,,,,,,,,,,
,,,,,,,,,,,,,,,,,,,,,,,,,,,,,,,,,,,,
,,,,,,,,,,,,,,,,,,,,,,,,,,,,,,,,,,,,
,,,,,,,,,,,,,,,,,,,,,,,,,,,,,,,,,,,,
,,,,,,,,,,,,,,,,,,,,,,,,,,,,,,,,,,,,
,,,,,,,,,,,,,,,,,,,,,,,,,,,,,,,,,,,,
,,,,,,,,,,,,,,,,,,,,,,,,,,,,,,,,,,,,
,,,,,,,,,,,,,,,,,,,,,,,,,,,,,,,,,,,,
,,,,,,,,,,,,,,,,,,,,,,,,,,,,,,,,,,,,
,,,,,,,,,,,,,,,,,,,,,,,,,,,,,,,,,,,,
,,,,,,,,,,,,,,,,,,,,,,,,,,,,,,,,,,,,
,,,,,,,,,,,,,,,,,,,,,,,,,,,,,,,,,,,,
,,,,,,,,,,,,,,,,,,,,,,,,,,,,,,,,,,,,
,,,,,,,,,,,,,,,,,,,,,,,,,,,,,,,,,,,,
,,,,,,,,,,,,,,,,,,,,,,,,,,,,,,,,,,,,
,,,,,,,,,,,,,,,,,,,,,,,,,,,,,,,,,,,,
,,,,,,,,,,,,,,,,,,,,,,,,,,,,,,,,,,,,
,,,,,,,,,,,,,,,,,,,,,,,,,,,,,,,,,,,,
,,,,,,,,,,,,,,,,,,,,,,,,,,,,,,,,,,,,
,,,,,,,,,,,,,,,,,,,,,,,,,,,,,,,,,,,,
,,,,,,,,,,,,,,,,,,,,,,,,,,,,,,,,,,,,
,,,,,,,,,,,,,,,,,,,,,,,,,,,,,,,,,,,,
,,,,,,,,,,,,,,,,,,,,,,,,,,,,,,,,,,,,
,,,,,,,,,,,,,,,,,,,,,,,,,,,,,,,,,,,,
,,,,,,,,,,,,,,,,,,,,,,,,,,,,,,,,,,,,
,,,,,,,,,,,,,,,,,,,,,,,,,,,,,,,,,,,,
,,,,,,,,,,,,,,,,,,,,,,,,,,,,,,,,,,,,
,,,,,,,,,,,,,,,,,,,,,,,,,,,,,,,,,,,,
,,,,,,,,,,,,,,,,,,,,,,,,,,,,,,,,,,,,
,,,,,,,,,,,,,,,,,,,,,,,,,,,,,,,,,,,,
,,,,,,,,,,,,,,,,,,,,,,,,,,,,,,,,,,,,
,,,,,,,,,,,,,,,,,,,,,,,,,,,,,,,,,,,,
,,,,,,,,,,,,,,,,,,,,,,,,,,,,,,,,,,,,
,,,,,,,,,,,,,,,,,,,,,,,,,,,,,,,,,,,,
,,,,,,,,,,,,,,,,,,,,,,,,,,,,,,,,,,,,
,,,,,,,,,,,,,,,,,,,,,,,,,,,,,,,,,,,,
,,,,,,,,,,,,,,,,,,,,,,,,,,,,,,,,,,,,
,,,,,,,,,,,,,,,,,,,,,,,,,,,,,,,,,,,,
,,,,,,,,,,,,,,,,,,,,,,,,,,,,,,,,,,,,
,,,,,,,,,,,,,,,,,,,,,,,,,,,,,,,,,,,,
,,,,,,,,,,,,,,,,,,,,,,,,,,,,,,,,,,,,
,,,,,,,,,,,,,,,,,,,,,,,,,,,,,,,,,,,,
,,,,,,,,,,,,,,,,,,,,,,,,,,,,,,,,,,,,
,,,,,,,,,,,,,,,,,,,,,,,,,,,,,,,,,,,,
,,,,,,,,,,,,,,,,,,,,,,,,,,,,,,,,,,,,
,,,,,,,,,,,,,,,,,,,,,,,,,,,,,,,,,,,,
,,,,,,,,,,,,,,,,,,,,,,,,,,,,,,,,,,,,
,,,,,,,,,,,,,,,,,,,,,,,,,,,,,,,,,,,,
,,,,,,,,,,,,,,,,,,,,,,,,,,,,,,,,,,,,
,,,,,,,,,,,,,,,,,,,,,,,,,,,,,,,,,,,,
,,,,,,,,,,,,,,,,,,,,,,,,,,,,,,,,,,,,
,,,,,,,,,,,,,,,,,,,,,,,,,,,,,,,,,,,,
,,,,,,,,,,,,,,,,,,,,,,,,,,,,,,,,,,,,
,,,,,,,,,,,,,,,,,,,,,,,,,,,,,,,,,,,,
,,,,,,,,,,,,,,,,,,,,,,,,,,,,,,,,,,,,
,,,,,,,,,,,,,,,,,,,,,,,,,,,,,,,,,,,,
,,,,,,,,,,,,,,,,,,,,,,,,,,,,,,,,,,,,
,,,,,,,,,,,,,,,,,,,,,,,,,,,,,,,,,,,,
,,,,,,,,,,,,,,,,,,,,,,,,,,,,,,,,,,,,
,,,,,,,,,,,,,,,,,,,,,,,,,,,,,,,,,,,,
,,,,,,,,,,,,,,,,,,,,,,,,,,,,,,,,,,,,
,,,,,,,,,,,,,,,,,,,,,,,,,,,,,,,,,,,,
,,,,,,,,,,,,,,,,,,,,,,,,,,,,,,,,,,,,
,,,,,,,,,,,,,,,,,,,,,,,,,,,,,,,,,,,,
,,,,,,,,,,,,,,,,,,,,,,,,,,,,,,,,,,,,
,,,,,,,,,,,,,,,,,,,,,,,,,,,,,,,,,,,,
,,,,,,,,,,,,,,,,,,,,,,,,,,,,,,,,,,,,
,,,,,,,,,,,,,,,,,,,,,,,,,,,,,,,,,,,,
,,,,,,,,,,,,,,,,,,,,,,,,,,,,,,,,,,,,
,,,,,,,,,,,,,,,,,,,,,,,,,,,,,,,,,,,,
,,,,,,,,,,,,,,,,,,,,,,,,,,,,,,,,,,,,
,,,,,,,,,,,,,,,,,,,,,,,,,,,,,,,,,,,,
,,,,,,,,,,,,,,,,,,,,,,,,,,,,,,,,,,,,
,,,,,,,,,,,,,,,,,,,,,,,,,,,,,,,,,,,,
,,,,,,,,,,,,,,,,,,,,,,,,,,,,,,,,,,,,
,,,,,,,,,,,,,,,,,,,,,,,,,,,,,,,,,,,,
,,,,,,,,,,,,,,,,,,,,,,,,,,,,,,,,,,,,
,,,,,,,,,,,,,,,,,,,,,,,,,,,,,,,,,,,,
,,,,,,,,,,,,,,,,,,,,,,,,,,,,,,,,,,,,
,,,,,,,,,,,,,,,,,,,,,,,,,,,,,,,,,,,,
,,,,,,,,,,,,,,,,,,,,,,,,,,,,,,,,,,,,
,,,,,,,,,,,,,,,,,,,,,,,,,,,,,,,,,,,,
,,,,,,,,,,,,,,,,,,,,,,,,,,,,,,,,,,,,
,,,,,,,,,,,,,,,,,,,,,,,,,,,,,,,,,,,,
,,,,,,,,,,,,,,,,,,,,,,,,,,,,,,,,,,,,
,,,,,,,,,,,,,,,,,,,,,,,,,,,,,,,,,,,,
,,,,,,,,,,,,,,,,,,,,,,,,,,,,,,,,,,,,
,,,,,,,,,,,,,,,,,,,,,,,,,,,,,,,,,,,,
,,,,,,,,,,,,,,,,,,,,,,,,,,,,,,,,,,,,
,,,,,,,,,,,,,,,,,,,,,,,,,,,,,,,,,,,,
,,,,,,,,,,,,,,,,,,,,,,,,,,,,,,,,,,,,
,,,,,,,,,,,,,,,,,,,,,,,,,,,,,,,,,,,,
,,,,,,,,,,,,,,,,,,,,,,,,,,,,,,,,,,,,
,,,,,,,,,,,,,,,,,,,,,,,,,,,,,,,,,,,,
,,,,,,,,,,,,,,,,,,,,,,,,,,,,,,,,,,,,
,,,,,,,,,,,,,,,,,,,,,,,,,,,,,,,,,,,,
,,,,,,,,,,,,,,,,,,,,,,,,,,,,,,,,,,,,
,,,,,,,,,,,,,,,,,,,,,,,,,,,,,,,,,,,,
,,,,,,,,,,,,,,,,,,,,,,,,,,,,,,,,,,,,
,,,,,,,,,,,,,,,,,,,,,,,,,,,,,,,,,,,,
,,,,,,,,,,,,,,,,,,,,,,,,,,,,,,,,,,,,
,,,,,,,,,,,,,,,,,,,,,,,,,,,,,,,,,,,,
,,,,,,,,,,,,,,,,,,,,,,,,,,,,,,,,,,,,
,,,,,,,,,,,,,,,,,,,,,,,,,,,,,,,,,,,,
,,,,,,,,,,,,,,,,,,,,,,,,,,,,,,,,,,,,
,,,,,,,,,,,,,,,,,,,,,,,,,,,,,,,,,,,,
,,,,,,,,,,,,,,,,,,,,,,,,,,,,,,,,,,,,
,,,,,,,,,,,,,,,,,,,,,,,,,,,,,,,,,,,,
,,,,,,,,,,,,,,,,,,,,,,,,,,,,,,,,,,,,
,,,,,,,,,,,,,,,,,,,,,,,,,,,,,,,,,,,,
,,,,,,,,,,,,,,,,,,,,,,,,,,,,,,,,,,,,
,,,,,,,,,,,,,,,,,,,,,,,,,,,,,,,,,,,,
,,,,,,,,,,,,,,,,,,,,,,,,,,,,,,,,,,,,
,,,,,,,,,,,,,,,,,,,,,,,,,,,,,,,,,,,,
,,,,,,,,,,,,,,,,,,,,,,,,,,,,,,,,,,,,
,,,,,,,,,,,,,,,,,,,,,,,,,,,,,,,,,,,,
,,,,,,,,,,,,,,,,,,,,,,,,,,,,,,,,,,,,
,,,,,,,,,,,,,,,,,,,,,,,,,,,,,,,,,,,,
,,,,,,,,,,,,,,,,,,,,,,,,,,,,,,,,,,,,
,,,,,,,,,,,,,,,,,,,,,,,,,,,,,,,,,,,,
,,,,,,,,,,,,,,,,,,,,,,,,,,,,,,,,,,,,
,,,,,,,,,,,,,,,,,,,,,,,,,,,,,,,,,,,,
,,,,,,,,,,,,,,,,,,,,,,,,,,,,,,,,,,,,
,,,,,,,,,,,,,,,,,,,,,,,,,,,,,,,,,,,,
,,,,,,,,,,,,,,,,,,,,,,,,,,,,,,,,,,,,
,,,,,,,,,,,,,,,,,,,,,,,,,,,,,,,,,,,,
,,,,,,,,,,,,,,,,,,,,,,,,,,,,,,,,,,,,
,,,,,,,,,,,,,,,,,,,,,,,,,,,,,,,,,,,,
,,,,,,,,,,,,,,,,,,,,,,,,,,,,,,,,,,,,
,,,,,,,,,,,,,,,,,,,,,,,,,,,,,,,,,,,,
,,,,,,,,,,,,,,,,,,,,,,,,,,,,,,,,,,,,
,,,,,,,,,,,,,,,,,,,,,,,,,,,,,,,,,,,,
,,,,,,,,,,,,,,,,,,,,,,,,,,,,,,,,,,,,
,,,,,,,,,,,,,,,,,,,,,,,,,,,,,,,,,,,,
,,,,,,,,,,,,,,,,,,,,,,,,,,,,,,,,,,,,
,,,,,,,,,,,,,,,,,,,,,,,,,,,,,,,,,,,,
,,,,,,,,,,,,,,,,,,,,,,,,,,,,,,,,,,,,
,,,,,,,,,,,,,,,,,,,,,,,,,,,,,,,,,,,,
,,,,,,,,,,,,,,,,,,,,,,,,,,,,,,,,,,,,
,,,,,,,,,,,,,,,,,,,,,,,,,,,,,,,,,,,,
,,,,,,,,,,,,,,,,,,,,,,,,,,,,,,,,,,,,
,,,,,,,,,,,,,,,,,,,,,,,,,,,,,,,,,,,,
,,,,,,,,,,,,,,,,,,,,,,,,,,,,,,,,,,,,
,,,,,,,,,,,,,,,,,,,,,,,,,,,,,,,,,,,,
,,,,,,,,,,,,,,,,,,,,,,,,,,,,,,,,,,,,
,,,,,,,,,,,,,,,,,,,,,,,,,,,,,,,,,,,,
,,,,,,,,,,,,,,,,,,,,,,,,,,,,,,,,,,,,
,,,,,,,,,,,,,,,,,,,,,,,,,,,,,,,,,,,,
,,,,,,,,,,,,,,,,,,,,,,,,,,,,,,,,,,,,
,,,,,,,,,,,,,,,,,,,,,,,,,,,,,,,,,,,,
,,,,,,,,,,,,,,,,,,,,,,,,,,,,,,,,,,,,
,,,,,,,,,,,,,,,,,,,,,,,,,,,,,,,,,,,,
,,,,,,,,,,,,,,,,,,,,,,,,,,,,,,,,,,,,
,,,,,,,,,,,,,,,,,,,,,,,,,,,,,,,,,,,,
,,,,,,,,,,,,,,,,,,,,,,,,,,,,,,,,,,,,
,,,,,,,,,,,,,,,,,,,,,,,,,,,,,,,,,,,,
,,,,,,,,,,,,,,,,,,,,,,,,,,,,,,,,,,,,
,,,,,,,,,,,,,,,,,,,,,,,,,,,,,,,,,,,,
,,,,,,,,,,,,,,,,,,,,,,,,,,,,,,,,,,,,
,,,,,,,,,,,,,,,,,,,,,,,,,,,,,,,,,,,,
,,,,,,,,,,,,,,,,,,,,,,,,,,,,,,,,,,,,
,,,,,,,,,,,,,,,,,,,,,,,,,,,,,,,,,,,,
,,,,,,,,,,,,,,,,,,,,,,,,,,,,,,,,,,,,
,,,,,,,,,,,,,,,,,,,,,,,,,,,,,,,,,,,,
,,,,,,,,,,,,,,,,,,,,,,,,,,,,,,,,,,,,
,,,,,,,,,,,,,,,,,,,,,,,,,,,,,,,,,,,,
,,,,,,,,,,,,,,,,,,,,,,,,,,,,,,,,,,,,
,,,,,,,,,,,,,,,,,,,,,,,,,,,,,,,,,,,,
,,,,,,,,,,,,,,,,,,,,,,,,,,,,,,,,,,,,
,,,,,,,,,,,,,,,,,,,,,,,,,,,,,,,,,,,,
,,,,,,,,,,,,,,,,,,,,,,,,,,,,,,,,,,,,
,,,,,,,,,,,,,,,,,,,,,,,,,,,,,,,,,,,,
,,,,,,,,,,,,,,,,,,,,,,,,,,,,,,,,,,,,
,,,,,,,,,,,,,,,,,,,,,,,,,,,,,,,,,,,,
,,,,,,,,,,,,,,,,,,,,,,,,,,,,,,,,,,,,
,,,,,,,,,,,,,,,,,,,,,,,,,,,,,,,,,,,,
,,,,,,,,,,,,,,,,,,,,,,,,,,,,,,,,,,,,
,,,,,,,,,,,,,,,,,,,,,,,,,,,,,,,,,,,,
,,,,,,,,,,,,,,,,,,,,,,,,,,,,,,,,,,,,
,,,,,,,,,,,,,,,,,,,,,,,,,,,,,,,,,,,,
,,,,,,,,,,,,,,,,,,,,,,,,,,,,,,,,,,,,
,,,,,,,,,,,,,,,,,,,,,,,,,,,,,,,,,,,,
,,,,,,,,,,,,,,,,,,,,,,,,,,,,,,,,,,,,
,,,,,,,,,,,,,,,,,,,,,,,,,,,,,,,,,,,,
,,,,,,,,,,,,,,,,,,,,,,,,,,,,,,,,,,,,
,,,,,,,,,,,,,,,,,,,,,,,,,,,,,,,,,,,,
,,,,,,,,,,,,,,,,,,,,,,,,,,,,,,,,,,,,
,,,,,,,,,,,,,,,,,,,,,,,,,,,,,,,,,,,,
,,,,,,,,,,,,,,,,,,,,,,,,,,,,,,,,,,,,
,,,,,,,,,,,,,,,,,,,,,,,,,,,,,,,,,,,,
,,,,,,,,,,,,,,,,,,,,,,,,,,,,,,,,,,,,
,,,,,,,,,,,,,,,,,,,,,,,,,,,,,,,,,,,,
,,,,,,,,,,,,,,,,,,,,,,,,,,,,,,,,,,,,